basomrade,year,access_green_c_lt_300
1010120_skeppsbron,2015,0.0
1010130_munkbron,2015,0.0
1010140_stortorget,2015,0.0
1010201_centralstationen_n,2015,0.0
1010220_klara_kyrka,2015,0.0
1010230_centralposten,2015,0.0
1010240_oscarsteatern,2015,0.0
1010250_brunkeberg,2015,0.0
1010290_oxtorget,2015,0.0
1010310_norrlandsgatan,2015,0.0
1110111_brunnsgatan_n,2015,0.0
1110112_brunnsgatan_s,2015,0.0
1110120_johannes_kyrka,2015,0.0
1110220_vanadislunden,2015,30.207677784770297
1110230_surbrunnsomradet,2015,0.0
1110240_norra_real,2015,0.0
1110250_elverket,2015,0.0
1120110_tegnerlunden,2015,0.0
1120120_tandlakarhogskolan,2015,0.0
1120131_norra_bantorget_o,2015,0.0
1120140_adolf_fredriks_kyrka,2015,0.0
1120150_skandiahuset,2015,0.0
1120210_kungssten,2015,0.0
1120220_saltmatargatan,2015,0.0
1120230_sjokatten,2015,0.0
1130110_atlasomradet,2015,36.49038461538461
1130120_gustav_vasa_kyrka,2015,0.0
1130130_observatoriegatan,2015,0.0
1130140_sabbatsberg,2015,0.0
1130150_polstjarnan,2015,0.0
1130170_betlehemskyrkan,2015,0.0
1140110_norrtull,2015,100.0
1140120_tre_liljor,2015,12.669267844847374
1140130_matteuskyrka,2015,0.0
1140140_halsingehojden,2015,0.0
1140150_centralgaraget,2015,16.259351620947633
1140210_norra_station_1_norra_station_2,2015,0.0
1140220_birkagarden,2015,6.336853807670928
1140230_rorstrand,2015,75.98933483019927
1140240_rodaberget,2015,0.0
1140250_s_t_eriksplan,2015,36.03145235892692
1210110_roslagstull,2015,0.0
1210120_larkstaden,2015,0.0
1210131_danderydsplan_v,2015,36.460957178841305
1210132_danderydsplan_o,2015,84.05560098119379
1210140_eriksberg,2015,0.0
1210151_stureplan_o,2015,0.0
1210161_humlegarden_o,2015,0.0
1210171_stureparken_o,2015,79.87951807228916
1210172_stureparken_v,2015,95.27665317139001
1210210_roslagstulls_sjukhus,2015,100.0
1210220_ostra_station,2015,12.429087158329036
1210320_ekhagen,2015,100.0
1210330_frescati,2015,100.0
1210410_centrala_hjorthagen,2015,6.071118820468343
1220110_ostermalmshallen,2015,0.0
1220120_dramatiska_teatern,2015,0.0
1220130_ostermalmstorg,2015,0.0
1220140_skvalberget,2015,0.0
1220150_tyskbagaromradet,2015,27.80788177339901
1220160_hedvig_eleonora_kyrka,2015,0.0
1220170_kronkvarnen,2015,0.0
1230110_karlaplan,2015,0.0
1230120_historiska_musuet,2015,0.0
1230130_strandvagen,2015,6.531332744924978
1230140_oscarskyrkan,2015,28.148774302620456
1230161_gustav_adolfskyrkan_v,2015,0.0
1230162_gustav_adolfskyrkan_o,2015,76.22841965471447
1230210_djurgardsstaden,2015,97.44525547445255
1230300_hastgardet,2015,84.11445485939812
1230310_olaus_petri_kyrka,2015,26.901189860320745
1230320_tessinparken,2015,56.00604381767816
1230330_smedsbacken,2015,91.47646219686163
1230350_kampementsbacken,2015,92.32303090727817
1230360_oregrundsgatan,2015,100.0
1230390_ladugardsgardet,2015,100.0
1310100_stadshuset,2015,0.0
1310110_eira,2015,0.0
1310120_kungsklippan,2015,0.0
1310130_kungsbroplan,2015,0.0
1310140_tekniska_namndhuset,2015,0.0
1310150_landstingshuset,2015,0.0
1310160_pontonjarparken,2015,0.0
1310170_s_t_eriks_sjukhus,2015,0.0
1310180_wargentinsgatan,2015,0.0
1310190_kronoberg,2015,0.0
1320110_karlsvik,2015,0.0
1320120_hemmet,2015,0.0
1320130_fridhemsplan,2015,0.0
1320140_s_t_eriksgatan,2015,30.05601699826154
1320150_alstromergatan,2015,85.63945086705202
1320210_ralambshov,2015,0.0
1320220_svedbergsplan,2015,0.0
1320240_mariebergsparken,2015,0.0
1320310_ostra_stadshagen,2015,100.0
1320330_lindhagensplan,2015,100.0
1320410_vastra_kristineberg,2015,0.0
1320420_thorildsplan,2015,0.0
1320500_fredhall,2015,0.0
1330100_lilla_essingen,2015,0.0
1330200_stora_essingen,2015,0.0
1410110_mariaberget,2015,0.0
1410120_maria_kyrka,2015,0.0
1410130_swedenborgsgatan,2015,0.0
1410140_gullfjardsplan,2015,0.0
1410150_bergsgruvan,2015,0.0
1410210_sodra_station_vast,2015,10.896767466110532
1410220_sodra_station_ost,2015,0.0
1420110_hogalidskyrkan,2015,6.767955801104971
1420120_skinnarviksringen,2015,34.378818737270876
1420130_ludvigsberg,2015,68.98349261511729
1420140_bergsund,2015,10.713602448823417
1420210_hornstull,2015,100.0
1420220_bysistappan,2015,79.84150569588905
1420230_sodra_namndhuset,2015,100.0
1420240_zinkensdamm,2015,100.0
1420310_sodersjukhuset,2015,92.24704336399473
1420320_tanto,2015,100.0
1420330_skoldgatan_syd,2015,100.0
1420360_skoldgatan_nord,2015,100.0
1420410_langholmen,2015,0.0
1420420_reimersholme,2015,16.379310344827587
1430120_vastra_aso,2015,0.0
1430130_blekingetappan,2015,0.0
1430140_helgalunden,2015,0.0
1430150_eriksdal,2015,0.0
1430160_asotorget,2015,0.0
1430180_rosenlund,2015,0.0
1430210_mosebacke,2015,0.0
1430220_ostra_aso,2015,0.0
1430230_katarina_kyrka,2015,0.0
1430240_bjurholmsplan,2015,0.0
1430250_nytorget,2015,0.0
1440110_ersta,2015,0.0
1440120_sofia_kyrka,2015,0.0
1440210_tullgarden,2015,0.0
1440220_vita_bergen,2015,0.0
1440230_blecktornet,2015,0.0
1440240_vintertullen,2015,0.0
1440250_barnangen,2015,0.0
1440260_mjardgrand,2015,0.5529225908372828
1440311_danviken_n,2015,100.0
1440312_danviken_s,2015,57.61710794297352
2110120_sankt_sigfrid,2015,20.719213882500522
2110130_ornsberg_nord_ost,2015,39.20888272033311
2110140_vinterviken,2015,100.0
2110150_ornsberg_syd_ost,2015,0.0
2110220_ostra_grondal,2015,82.15370595382745
2110230_ekensberg,2015,100.0
2110310_axelsbergs_torg,2015,100.0
2110320_klubbacken,2015,100.0
2110330_axelsberg_syd_ost,2015,0.0
2110340_stensborg,2015,60.60606060606061
2110350_sankt_mickelsgatan,2015,42.82077393075356
2110370_ornsberg_syd_vast,2015,0.0
2110380_hagerstenshamnen,2015,100.0
2110390_axelsberg_nord,2015,77.4857142857143
2110520_norra_hagerstensasen,2015,15.445939212755356
2110530_sodra_hagerstensasen,2015,99.47069202117233
2110620_nybohov,2015,100.0
2110650_liljeholmsberget,2015,100.0
2110660_lovholmen,2015,83.9331619537275
2110681_nyboda_o,2015,100.0
2110720_svandammen,2015,0.0
2110730_fastlagsvagen,2015,0.0
2110740_telefonplan,2015,0.0
2110810_norra_malarhojden,2015,15.749318801089917
2110820_gulddragaren,2015,0.0
2110920_karusellvagen,2015,0.0
2110930_korpmossen,2015,11.37295081967213
2110940_hokmossen,2015,66.12546125461255
2120100_fruangen,2015,4.295010845986985
2120201_herrangen_v,2015,0.0
2120202_herrangen_o,2015,0.0
2120300_liseberg,2015,95.17709118311983
2120401_langbro_v,2015,1.2084592145015105
2120402_langbro_o,2015,23.354510800508262
2120500_langsjo,2015,40.55158324821247
2120620_norra_solberga,2015,88.50734418420008
2120630_vastra_solberga,2015,100.0
2120660_sodra_solberga,2015,74.43123938879457
2120700_vastertorp,2015,48.25251889168766
2120820_vastra_alvsjo,2015,33.66045142296369
2120900_orby_slott,2015,67.62974852862493
2121020_ostbergahojden_ostbergavagen,2015,100.0
2130100_bandhagen,2015,27.99061767005473
2130210_hogdalens_centrum,2015,100.0
2130220_ostra_hogdalen,2015,90.67094359796846
2130230_vastra_hogdalen,2015,62.339331619537276
2130240_skebokvarnsvagen,2015,54.47852760736196
2130320_ragsveds_torg,2015,97.16962328084513
2130330_bjursatra,2015,91.10641567422205
2130340_snosatra,2015,100.0
2130420_backaskiftsvagen,2015,3.5406698564593304
2130430_ostra_stureby,2015,52.72543741588156
2130440_vastra_stureby,2015,71.96372239747633
2130501_orby_n,2015,99.71687429218574
2130502_orby_s,2015,35.74561403508772
2130620_hagsatra_torg,2015,88.0101322825781
2130630_ormkarr,2015,100.0
2140120_ostra_enskedefaltet,2015,100.0
2140210_vastra_enskede_gard,2015,19.60352422907489
2140220_tradskolan,2015,0.0
2140320_enskede_kyrka,2015,60.92373138863567
2140330_svampvagen,2015,100.0
2140340_sandsborg,2015,80.63380281690141
2140350_dalen,2015,69.95403259506895
2140620_gullmarsplan,2015,59.8679638637943
2140630_skarmarbrink,2015,15.74130567419158
2140820_skanskvarn,2015,99.395629939563
2140830_arsta_centrum,2015,78.3846510908247
2140840_arsta_gard,2015,65.03844414292176
2140850_valla_garde,2015,100.0
2150100_bjorkhagen,2015,100.0
2150200_enskededalen,2015,72.67311988086374
2150400_hammarbyhojden,2015,78.70785930487423
2150500_karrtorp,2015,81.125
2150720_pungpinan,2015,82.45048364808844
2150731_skarpnacksfaltet_o,2015,67.29205753595997
2150732_skarpnacksfaltet_v,2015,93.01470588235294
2150740_skarpa_by,2015,100.0
2150820_lagaplan,2015,53.4316427783903
2150830_sodra_bagarmossen,2015,100.0
2150840_norra_bagarmossen,2015,100.0
2160120_havsornstorget,2015,100.0
2160130_fagersjovagen,2015,96.98795180722891
2160220_sodra_farsta,2015,59.83782494633913
2160230_vastra_farsta,2015,100.0
2160240_ostra_farsta,2015,15.330149843569899
2160260_norra_farsta,2015,100.0
2160320_ullerudsbacken,2015,89.45070098827856
2160330_farsta_gard,2015,100.0
2160520_gubbangstorget,2015,81.12125716712679
2160530_gubbangens_gard,2015,100.0
2160620_vastra_hokarangen,2015,95.01604681895412
2160630_sondagsvagen,2015,100.0
2160640_lingvagen,2015,100.0
2160720_vastra_larsboda,2015,0.0
2160760_ostra_larsboda,2015,53.48837209302325
2160820_bagarfruvagen,2015,54.357634766088815
2160830_vastra_skondal,2015,68.5807150595883
2160840_norra_skondal,2015,100.0
2160850_stora_skondal,2015,100.0
2160920_sodra_svedmyra,2015,87.16883116883118
2160930_norra_svedmyra,2015,92.19330855018588
2161020_norra_tallkrogen,2015,94.78865083960626
2161030_sodra_tallkrogen,2015,64.4516918059519
2170120_bredangs_alle,2015,34.791148356684566
2170130_yttre_bredang,2015,35.333333333333336
2170220_satra_torg,2015,32.594936708860764
2170230_norra_satra,2015,100.0
2170310_skarholmens_centrum,2015,100.0
2170321_skarholmens_gard,2015,100.0
2170322_mellersta_skarholmen,2015,100.0
2170330_sodra_skarholmen,2015,97.2451790633609
2170420_ostra_varberg,2015,61.33102034379435
2170430_vastra_varberg,2015,98.04646251319957
2210120_norra_abrahamsberg,2015,49.137931034482754
2210130_sodra_abrahamsberg,2015,57.56097560975609
2210200_beckomberga,2015,100.0
2210300_blackeberg,2015,74.86682808716706
2210400_bromma_kyrka,2015,73.43467245747377
2210500_ballsta,2015,100.0
2210600_eneby,2015,98.41089670828603
2210700_mariehall,2015,33.40480274442539
2210830_runstensplan,2015,94.40353460972017
2210840_angbylunden,2015,28.525980911983034
2210850_attehagen,2015,100.0
2210860_akeshovsbadet,2015,100.0
2210920_sodra_riksby,2015,94.08517350157729
2211121_farjestadsvagen_v,2015,59.777571825764596
2211130_angbyhojden,2015,95.34883720930233
2211220_johannesfred,2015,45.296938399114715
2211300_akeshov,2015,100.0
2211420_ostra_akeslund,2015,0.0
2211460_vastra_akeslund,2015,100.0
2220100_alvik,2015,0.0
2220200_hoglandet,2015,26.63387210119466
2220300_nockeby,2015,18.885061071093016
2220400_nockebyhov,2015,99.61212976022567
2220500_olovslund,2015,0.0
2220600_smedslatten,2015,52.34093637454982
2220700_stora_mossen,2015,65.06849315068493
2220820_sodra_traneberg,2015,0.0
2220830_norra_traneberg,2015,0.0
2220840_minneberg,2015,0.0
2220900_ulvsunda,2015,55.327342747111686
2221000_alsten,2015,61.05882352941177
2221100_appelviken,2015,54.3236074270557
2230100_grimsta,2015,100.0
2230200_kalvesta,2015,1.8632178868917142
2230300_nalsta,2015,51.44356955380578
2230420_vastra_racksta,2015,29.03767698584113
2230430_ostra_racksta,2015,75.23020257826887
2230440_racksta_sjukhus,2015,100.0
2230520_norra_vinsta,2015,81.9298245614035
2230560_sodra_vinsta,2015,89.50276243093923
2230610_vallingby_centrum,2015,0.0
2230620_sodra_vallingby,2015,33.000333000333
2230630_norra_vallingby,2015,100.0
2240121_sodra_bromsten_n,2015,75.67567567567568
2240122_sodra_bromsten_s,2015,99.56140350877193
2240130_norra_bromsten,2015,47.12691194708557
2240200_flysta,2015,34.416154521510094
2240520_norra_rinkeby_kvarnby_norra_rinkeby_askeby,2015,77.83053708979635
2240530_sodra_rinkeby_knutby_sodra_rinkeby_bredby,2015,77.83677184466019
2240621_solhojden,2015,91.83544303797468
2240622_spanga_torg,2015,0.0
2240631_solhems_villastad_vast,2015,23.200000000000003
2240632_spanga_gymnasium,2015,0.0
2240640_solhems_villastad_nord,2015,0.0
2240650_logvagen_erland,2015,0.0
2240700_sundby,2015,49.611694837825496
2240820_norra_tensta_spanga_kyrkvag_norra_tensta_tensta_alle,2015,61.49253731343284
2240830_sodra_tensta_spanga_kyrka_sodra_tensta_tensta_kyrka,2015,100.0
2240840_hjulsta,2015,92.24231858792766
2250120_hasselby_torg,2015,63.473160327052966
2250130_vastra_hasselby_gard,2015,53.04740406320542
2250140_sodra_hasselby_gard,2015,83.05732484076434
2250200_hasselby_strand,2015,39.10904618748292
2250310_backlura,2015,86.83886838868389
2250320_trollboda,2015,39.38178386031147
2250332_hasselby_villastrand,2015,16.76577786303472
2250340_hasselby_kyrka,2015,37.99019607843137
2250350_akermyntan,2015,31.11467522052927
2250370_radisvagen,2015,51.138211382113816
2250380_smedshagen,2015,44.23828125
2260120_centrala_akalla,2015,64.49418084153984
2260130_sodra_akalla,2015,74.1050518568083
2260220_norra_husby,2015,100.0
2260230_sodra_husby,2015,81.62294238683128
2260310_kista_centrum,2015,0.0
2260320_ovre_kista,2015,58.56608119781169
2260330_nedre_kista,2015,92.48935346496322
3110110_ostra_enebyberg,2015,5.117820324005891
3110120_vastra_enebyberg,2015,53.44574780058651
3110260_satra,2015,60.07276034561164
3110270_nora,2015,3.3444816053511706
3110280_klingsta,2015,52.038216560509554
3110330_morbyskogen,2015,0.0
3110340_kevinge,2015,100.0
3110350_morby_centrum,2015,100.0
3110370_morbylund,2015,0.0
3110430_norra_djursholm,2015,56.098339719029376
3110440_sodra_djursholm,2015,0.0
3110450_osby,2015,18.85830784913354
3110460_ekeby,2015,96.47985178323297
3110510_norra_stocksund,2015,0.0
3110530_inverness,2015,0.0
3110540_sodra_stocksund,2015,0.05915409642117716
3110610_klockargarden,2015,57.19063545150501
3110620_berga,2015,72.82608695652173
3210100_drottningholm,2015,96.30541871921181
3210500_lovo_glesbygd,2015,98.02631578947368
3220101_tappstrom_narlunda,2015,17.405063291139243
3220102_ostra_narlunda,2015,77.04626334519573
3220103_ekero_centrum,2015,68.03488968701899
3220211_alvnas,2015,19.421487603305785
3220212_brunna,2015,66.86531585220501
3220230_knalleborg,2015,99.85074626865672
3220261_ostra_trakvista,2015,67.87815853236414
3220262_gallsta_o,2015,100.0
3220270_sandudden,2015,96.5034965034965
3220500_ekero_glesbygd,2015,83.02425106990015
3230000_munso_forsamling,2015,79.23076923076923
3240000_adelso_forsamling,2015,95.77836411609498
3250100_farentuna_fd_forsamling,2015,65.51181102362204
3250201_hilleshogs_fd_forsamling,2015,90.54054054054053
3250202_ricksattra,2015,51.74825174825175
3250310_stenhamra,2015,47.598379629629626
3250320_sanga_glesbygd,2015,84.41988950276243
3250400_ska_fd_forsamling,2015,83.87925497752087
3311110_staket,2015,83.86388583973655
3312220_vastra_kallhall,2015,100.0
3312230_skogstorp,2015,77.10566615620215
3312240_norra_kallhall,2015,100.0
3312250_bonas,2015,92.66547406082289
3312260_termosvagen,2015,100.0
3312270_ladersatra,2015,100.0
3312300_molnsattra,2015,100.0
3324100_olovslund,2015,40.95848425745333
3324200_berghem,2015,65.57511256651658
3324310_sodra_nibble,2015,0.0
3324320_norra_nibble,2015,23.825757575757574
3324410_tallbohov,2015,100.0
3324420_hammaren,2015,60.50126903553299
3324430_jakobsbergs_centrum,2015,26.543046357615896
3324500_vibblaby,2015,72.70323859881032
3335100_norra_viksjo,2015,86.93143245078072
3335210_ostra_viksjo,2015,100.0
3335220_viksjo_centrum,2015,94.24364123159303
3335310_ostra_lund,2015,100.0
3335320_vastra_lund,2015,83.30700368615061
3335410_ostra_sandvik,2015,53.085642317380355
3335420_sandvik,2015,82.83261802575107
3335600_fjallen,2015,100.0
3346110_skalby,2015,55.25864182397646
3346120_ormbacka,2015,92.32067510548522
3346200_skalby_gard,2015,20.351526364477333
3347300_jarfalla_kyrka,2015,15.098039215686274
3347400_barkrby,2015,79.93951612903226
3347500_barsbro,2015,39.25886143931257
3411110_norra_sticklinge,2015,56.87226809130645
3411120_sodra_sticklinge,2015,100.0
3411200_islinge,2015,99.34497816593887
3411310_vastra_naset,2015,100.0
3411320_ostra_naset,2015,94.73684210526315
3411400_bo_garde,2015,100.0
3411510_bo,2015,90.1305057096248
3411520_bjornbo,2015,88.7784090909091
3411610_boson,2015,100.0
3411620_rudboda,2015,49.1290437255599
3412100_elfvik,2015,88.77284595300262
3413110_torsviksplatan,2015,0.0
3413120_lidingo_centrum,2015,0.0
3413130_stureplatan,2015,2.236024844720497
3413140_herserud,2015,66.5719696969697
3413150_torsviks_torg,2015,0.0
3413210_bredablick,2015,54.44743935309974
3413220_norra_hersby,2015,66.47919010123734
3413230_sodra_hersby,2015,10.344827586206897
3413240_hersbyholm,2015,92.56198347107438
3413300_stockby,2015,100.0
3413410_baggeby,2015,100.0
3413420_bodal,2015,100.0
3413500_larsberg,2015,100.0
3413600_mosstorp,2015,68.6059275521405
3413710_centrala_gangsatra,2015,100.0
3413720_norra_gangsatra,2015,99.83150800336983
3413810_bergsatra,2015,100.0
3413820_centrala_skrsatra,2015,60.84507042253521
3413830_kottla_molna_kappsta,2015,51.925320886814475
3414210_centrala_kappala,2015,100.0
3414240_killinge,2015,100.0
3414250_ostra_kappala,2015,75.16170763260025
3414310_brevik,2015,57.40049751243781
3414320_hogberga,2015,42.04616344354336
3510110_gamla_marsta,2015,5.593220338983051
3510120_marsta_kyrka,2015,0.0
3510130_tingvalla,2015,100.0
3510140_ekillatorp,2015,24.438902743142144
3510150_sodra_ekilla,2015,42.93333333333334
3510160_marsta_centrum,2015,49.04552129221732
3510210_ostra_norrbacka,2015,100.0
3510220_vastra_norrbacka,2015,100.0
3510260_norra_ekilla,2015,20.537897310513447
3510270_ostra_arenberga,2015,83.7471783295711
3510280_satuna,2015,94.3820224719101
3510450_marsta_vastra_glesbygd_marsta_maby,2015,38.970588235294116
3522020_ostra_sigtuna,2015,89.68957871396896
3522030_gamla_sigtuna,2015,56.3922942206655
3522040_brannbo,2015,100.0
3522050_prastangen_och_hallsbo,2015,100.0
3522060_sjudargarden,2015,97.75051124744377
3532010_munkholmen,2015,61.56736446591518
3534030_sankt_olofs_glesbygd_pilsbo,2015,45.0497949619215
3541000_sankt_pers_forsamling,2015,80.56234718826406
3542000_haga_forsamling,2015,94.27402862985686
3551110_norra_valsta,2015,99.77064220183486
3551120_valsta_centrum,2015,61.7624521072797
3551130_sodra_valsta,2015,100.0
3551140_ostra_steninge,2015,73.08196721311475
3551150_steninge_gard,2015,85.35825545171339
3560210_rosersbergs_bostadsomr,2015,0.0
3560500_rosersbergs_nya_arbetsomr_arlanda_stad_ost_norrsunda_glesbygd_brista_varmeverk,2015,92.47104247104248
3560610_sodra_skanela,2015,79.44199706314244
3580100_skepptuna_fd_forsamling,2015,77.08978328173374
3580210_ostra_lunda,2015,89.29336188436831
3580300_vidbo_fd_forsamling,2015,82.47978436657682
3610120_gillberga,2015,82.12749315604225
3610140_rotsunda,2015,7.979274611398964
3610170_rotebro_centrum,2015,38.48837209302325
3610180_rotsunda_gard,2015,29.825174825174827
3610210_vastra_viby,2015,75.27693856998992
3610230_ostra_viby,2015,54.876120189773324
3610310_vastra_norrviken,2015,32.52212389380531
3610330_ostra_norrviken,2015,31.29890453834116
3610400_vaxmora,2015,75.61623056503602
3610510_klasro,2015,14.9895178197065
3610530_haggviks_centrum,2015,0.0
3610540_skalby,2015,0.0
3610610_edsbergs_centrum,2015,90.55966548729495
3610650_ovriga_edsberg,2015,35.88390501319261
3610660_landsnora,2015,13.990007137758745
3610670_vasjoomradet,2015,100.0
3610680_kvarnskogen,2015,100.0
3610730_turebergs_industriomr,2015,0.0
3610750_fagelsangen,2015,9.388783868935098
3610760_tojnan,2015,2.595590287468602
3610770_nytorp,2015,0.0
3610780_skansen,2015,0.0
3610810_falkberget,2015,96.55172413793103
3610830_sjoberg,2015,95.12081784386616
3610920_ostra_helenelund,2015,14.104046242774567
3610931_tegelhagen,2015,98.33472106577852
3610940_helenelunds_centrum,2015,15.31445031204993
3610951_vastra_helenelund,2015,18.521701761925225
3612710_bagarby,2015,0.0
3710110_jarvafaltet_jarvastaden_norra_jarvastaden_sodra_jarvastaden_ostra,2015,100.0
3710120_vastra_ritorp,2015,7.544581618655692
3710130_ostra_ritorp,2015,0.0
3710141_sodra_frosunda_norra_frosunda,2015,45.02121287746444
3710143_ballongberget,2015,13.278008298755188
3710150_bangarden_nationalarenan,2015,33.33333333333333
3710160_bagartorp,2015,87.14733542319749
3710170_rastahem,2015,100.0
3710180_agnesberg,2015,100.0
3710200_ulriksdal,2015,97.10982658959537
3710310_norra_bergshamra,2015,71.22395833333334
3710320_bergshamra_torg,2015,0.0
3710330_stocksundstorp,2015,80.68535825545172
3710340_ostra_bergshamra,2015,100.0
3710350_sodra_bergshamra,2015,100.0
3710360_kungshamra,2015,100.0
3710420_karolinska_sjukhuset_nya_karolinska_solna_kyrkby,2015,100.0
3710430_karolinska_institutet,2015,76.54028436018957
3710520_jungfrudansen,2015,86.99851411589896
3710530_sodra_huvusta,2015,66.49016641452344
3710540_vastra_skogen,2015,100.0
3710550_gamla_huvusta,2015,0.0
3710570_huvudstafaltet,2015,23.890784982935152
3710580_pampas_marina_ingenting,2015,20.441988950276244
3720610_solna_station_stora_frosunda_brahelund,2015,62.290748898678416
3720620_blakulla,2015,96.95490469549047
3720630_rudviken_vastra_hagalund,2015,99.48717948717949
3720710_rasunda_kyrka_sodra_rasunda,2015,54.243902439024396
3720720_filmstaden,2015,80.95238095238095
3720730_skogskronet,2015,0.0
3720740_rasundaskolan_rasundastadion,2015,0.0
3720750_charlottenburg,2015,0.0
3720760_sodra_vasalund,2015,3.7480063795853265
3720770_norra_vasalund,2015,0.6109979633401221
3720780_ekensberg,2015,0.0
3720790_hallen,2015,0.0
3720910_skytteholm,2015,0.0
3720920_albygard,2015,0.0
3720930_solna_centrum,2015,0.0
3720940_hanneberg,2015,0.0
3720950_albydal,2015,0.0
3810100_lilla_alby,2015,0.0
3810110_sundbybergs_industriomrade,2015,0.0
3810220_rasten,2015,0.0
3810230_sundbybergs_centrum,2015,9.33448573898012
3810240_starrbacksgatan,2015,57.068741893644614
3810300_storskogen,2015,41.97936210131332
3810310_lotsjo,2015,100.0
3810320_tule,2015,100.0
3810400_duvbo,2015,69.66683242168075
3810410_hasthagen,2015,10.060975609756099
3810500_or,2015,100.0
3810610_hallonbergen,2015,100.0
3810720_rissne_norra_arbetsomrade,2015,84.67153284671532
3810740_norra_rissne,2015,80.61742868307932
3810750_sodra_rissne,2015,100.0
3810810_ursviks_smahusomrade,2015,100.0
3810821_kymlinge_brotorp_stora_ursvik_norra,2015,100.0
3910110_vastra_nasbypark,2015,38.70967741935484
3910120_ornstigen,2015,0.0
3910130_nasbyparks_centrum,2015,0.0
3910140_nasby_slott,2015,60.42065009560229
3910170_ostra_nasbypark,2015,43.547400611620795
3910190_lahall,2015,65.40240518038854
3910210_nasbydal,2015,0.0
3910220_grindtorp,2015,82.67120696178584
3910240_taby_centrum,2015,19.71472236372899
3910270_marknadsvagen,2015,100.0
3910280_akerbyvagen,2015,49.13020558777016
3910310_sodra_viggbyholm,2015,99.4535519125683
3910320_viggbygardet,2015,100.0
3910330_mellersta_viggbyholm,2015,22.50871080139373
3910350_norra_viggbyholm,2015,87.5478927203065
3910370_norra_hagernas,2015,63.59423274974253
3910380_sodra_hagernas,2015,100.0
3910480_norra_landsbygden,2015,31.1178247734139
3910730_ella,2015,18.088737201365188
3910770_vastra_ensta,2015,24.017743979721164
3910780_ostra_ensta,2015,50.410316529894494
3910790_kullagrand,2015,0.0
3910810_norra_ellagard,2015,0.0
3910820_sodra_ellagard,2015,0.0
3910830_ava,2015,0.0
3910840_vastra_ellagard,2015,0.0
3910910_skarpang,2015,48.8808356427201
3910920_gripsvall,2015,79.38496583143508
3911010_ostra_roslags_nasby,2015,6.967213114754098
3911020_vastra_roslags_nasby,2015,0.0
3911510_lansen,2015,68.6556927297668
3911520_sodra_gribbylund,2015,96.31217838765008
3911530_gribbylunds_centrum,2015,100.0
3911540_norra_gribbylund,2015,88.41646225129463
3911550_sveavagen,2015,78.4771573604061
3911610_ostra_vallabrink,2015,90.3448275862069
3911620_vastra_vallabrink,2015,84.0909090909091
3911660_visinge,2015,73.39682539682539
3911670_vallatorp,2015,37.598284488920655
3911680_erikslund,2015,71.570796460177
3911740_s_a_midgards_industriomr,2015,93.81443298969072
3911750_taby_kyrka,2015,95.81589958158996
3911760_midgard,2015,99.52267303102626
3911780_ostra_taby_kyrkby,2015,84.63658284533241
3911790_runborg,2015,26.068861142640937
4010120_skallsta_vastra_raby_garde,2015,62.616822429906534
4010130_gamla_bro_tatort,2015,0.0
4010140_bro_centrum,2015,62.1502727432694
4010500_kockbacka_bro_glesbygd_ostra_bro_sodra_bro,2015,68.19444444444444
4020000_lassa_forsamling,2015,66.28787878787878
4050100_habo_tibble_kyrkby,2015,31.715210355987054
4050200_mariedal_nashagen,2015,100.0
4050500_habo_tibble_glesbygd,2015,77.09677419354838
4060000_hatuna_forsamling,2015,82.17179902755267
4070110_sodra_kungsangen,2015,46.206896551724135
4070120_norra_kungsangen,2015,93.21880650994575
4070130_tibblehojden,2015,100.0
4070150_tibbleangen,2015,100.0
4070160_sylta,2015,95.50691244239631
4070170_kungsangens_glesbygd_rankhus,2015,96.20253164556962
4070210_brunna_tatort,2015,97.71225216065073
4111110_norra_runby,2015,40.96124031007752
4111120_sodra_runby,2015,0.0
4111130_runby_lovsta,2015,100.0
4111140_prastgardsmarken,2015,0.13531799729364005
4111900_eds_glesbygd,2015,100.0
4122100_lowenstromska_sjukhuset,2015,99.36708860759494
4122210_norra_vilunda,2015,0.0
4122230_apoteksskogen,2015,96.22126996493961
4122240_vasbyskogen,2015,100.0
4122310_korpkulla,2015,33.06233062330624
4122340_vilunda,2015,46.002190580503836
4122420_norra_smedby,2015,100.0
4122430_sodra_smedby,2015,100.0
4122520_skalby,2015,48.77430262045647
4122530_carlslund,2015,68.21931101407084
4122540_brunnby,2015,100.0
4122600_vastra_odenslunda,2015,43.640350877192986
4133110_sanda,2015,100.0
4133120_ostra_odenslunda,2015,70.47718930256947
4133200_frestaby,2015,99.2299794661191
4133310_vastra_bollstanas,2015,70.71384990848078
4133330_ostra_bollstanas,2015,39.1183177096529
4133350_sodra_bollstanas,2015,78.5919540229885
4133910_fresta_norra_glesbygd,2015,100.0
4133920_fresta_sodra_glesbygd,2015,100.0
4210110_centrala_vallentuna,2015,54.49688334817453
4210210_norra_vallentuna_tatort,2015,93.12386156648452
4210220_nv_a_vallentuna_tatort,2015,48.149575944487275
4210320_ostra_ormsta,2015,86.85881778212018
4210330_vastra_ormsta,2015,88.19987959060806
4210340_aby_bostadsomrade,2015,100.0
4210410_vastra_ballsta,2015,59.86821462190147
4210420_kragstalund,2015,72.39709443099274
4210430_ballstaberg,2015,100.0
4210440_karlberg_rickeby_okvista,2015,96.09552691432903
4210510_vallentuna_glesbygd_v,2015,54.02635431918009
4210530_vallentuna_glesbygd_no,2015,99.17898193760263
4210540_ostra_vallentuna_tatort_vallentuna_glesbygd_so,2015,100.0
4220000_markims_forsamling,2015,72.05387205387206
4230100_lindholmen,2015,88.56209150326796
4230500_sodra_lindholmen_orkesta_glesbygd,2015,91.23222748815166
4240000_frosunda_forsamling,2015,86.17771509167842
4250100_karsta,2015,100.0
4250200_ekskogen,2015,25.683060109289617
4250500_karsta_glesbygd,2015,91.0039113428944
4260500_vada_glesbygd,2015,93.61702127659575
4270100_karby,2015,82.25388601036269
4270200_brottby,2015,0.0
4270501_ovr_osseby_garns_glesbygd,2015,90.83850931677019
4270502_algeby_garns_ekskogen,2015,96.3855421686747
4280000_angarns_forsamling,2015,82.47191011235955
4311441_bogesund,2015,100.0
4311442_storholmen,2015,100.0
4311443_kullon,2015,99.65317919075144
4311460_karlsudd,2015,12.70718232044199
4311610_ostra_vaxon,2015,0.29880478087649404
4311620_vastra_vaxon,2015,22.85077951002227
4311650_engarn_storang,2015,98.30747531734838
4311661_ytterby_overby,2015,33.13543599257885
4311730_tynningo,2015,69.56521739130434
4311810_rindo_centrum,2015,100.0
4311820_rindo,2015,94.80712166172107
4311830_skarpo,2015,86.18042226487525
4440110_ljustero,2015,98.23529411764706
4440120_ingmarso_mfl_oar,2015,98.96373056994818
4440200_roslags_kulla_fd_forsaml,2015,100.0
4450110_ekbacken,2015,7.167630057803469
4450120_runo_gard,2015,0.0
4450130_akersberga,2015,14.964697778543137
4450140_kullen,2015,31.873479318734795
4450150_ostra_sora,2015,63.21212121212121
4450160_vastra_sora,2015,0.0
4450170_neptunus,2015,0.0
4450180_kungsangen,2015,11.552346570397113
4450190_tunagard_osterskar,2015,7.985697258641239
4450210_akerstorp,2015,41.23711340206185
4450220_smedby,2015,100.0
4450230_hacksta,2015,97.94754846066135
4450240_skansta,2015,85.93981253083375
4450250_singo,2015,100.0
4450260_asatra,2015,99.93002099370189
4450310_margretelund,2015,36.61718398560504
4450320_trasatra,2015,69.3496137552953
4450330_flaxenvik,2015,85.67674113009198
4450340_skargardsstad,2015,97.9825517993457
4451231_sodra_runo_sodra_runotaljo_sodra_runo_nas,2015,100.0
4451240_norra_runo,2015,90.81455805892547
4451250_svinninge,2015,69.05626134301271
4451410_rydbo,2015,100.0
4451420_svartgarn,2015,62.9822732012513
4451430_ostra_ryds_glesbygd,2015,100.0
5110110_albyslatten,2015,0.0
5110120_albyberget,2015,99.84615384615385
5110150_rotemannen,2015,29.97416020671835
5110160_alby_gard,2015,90.42553191489363
5110240_aspberget,2015,100.0
5110260_ostra_eriksberg,2015,100.0
5110270_vastra_eriksberg,2015,100.0
5110280_tre_kallor,2015,100.0
5110290_sturehov,2015,74.60317460317461
5110311_krogarvagen_vardshusvagen,2015,100.0
5110312_forvagen,2015,0.0
5110320_fittja_gard,2015,100.0
5110410_sodra_hallunda,2015,5.308726361357941
5110420_slagsta,2015,98.76589379207181
5110430_brunna,2015,100.0
5110450_sodra_norsborg,2015,13.46344690704598
5110460_tornbergsfaltet,2015,0.0
5110480_nordostra_norsborg,2015,100.0
5110490_nordvastra_norsborg,2015,67.80000000000001
5120730_tumba_centrum,2015,0.0
5120750_segersjo,2015,79.65072133637054
5120780_tumba_villastad,2015,25.077262693156733
5120790_skacklinge,2015,49.264190609670635
5120810_storvreten,2015,41.5916955017301
5120820_blockvagen,2015,0.0
5120830_grytstigen,2015,100.0
5120840_vedstigen,2015,100.0
5120910_tumba_bruk,2015,99.00679560899111
5120920_tumba_glesbygd,2015,99.81132075471699
5120930_kommunalhuset,2015,21.6626213592233
5120940_tuna,2015,53.69757174392936
5120950_nackdala,2015,100.0
5120970_loviseberg,2015,46.20253164556962
5130810_uttran,2015,71.17572692793932
5130820_varsta,2015,96.56287909421755
5130830_grodinge_glesbygd,2015,96.53333333333333
5140110_tullinge_villastad,2015,60.96641535298149
5140620_tullingeberg,2015,100.0
5140641_tullinge_parkhem,2015,75.12578616352201
5140642_lanthem_n,2015,55.60538116591929
5140650_tullinge_centrum,2015,73.718610251118
5140660_banslatt,2015,95.48122065727699
5140690_tullinge_glesbygd_riksten,2015,99.12616056799564
5140711_tullinge_skog,2015,92.89002557544757
5140712_lanthem_s,2015,22.244289970208538
5211120_gudo,2015,92.77144571085782
5211131_sodra_vendelso,2015,94.59876543209876
5211132_sagen,2015,100.0
5211140_norra_vendelso,2015,92.24860335195531
5211150_dalen,2015,43.20083682008368
5211210_vendelsomalm,2015,60.959906350599944
5211220_eriksberg,2015,0.0
5211230_ramsdalen,2015,98.7535953978907
5211320_brandbergens_industriomr,2015,0.13908205841446453
5211330_brandbergen_flerbost_hus,2015,10.981852024197302
5211340_brandbergen_smahus,2015,75.81947743467934
5211430_kolartorp,2015,100.0
5211440_vega_vega_soderhagen,2015,66.09053497942386
5211450_kvarntorp_kvarntorp_v_gamla_nynasvagen,2015,89.43436499466382
5211511_haninge_centrum,2015,93.24894514767934
5211512_vastra_handen,2015,3.289473684210526
5211520_norra_handen,2015,64.43941109852774
5211540_valla,2015,67.65669807455961
5211550_sodra_handen,2015,88.6178861788618
5211610_jordbro_flerbostadshus,2015,81.29948473042604
5211620_jordbro_smahus,2015,93.61556845339707
5211710_norrby,2015,88.34688346883469
5211800_norra_soderby,2015,88.125
5211920_galo_sandemar,2015,81.9047619047619
5211930_tyresta,2015,100.0
5211940_osterhaninge_kyrka,2015,90.4950495049505
5211950_arsta_havsbad_o,2015,97.31543624161074
5222100_dalaro,2015,52.42929659173314
5222500_smadalaro,2015,98.2885085574572
5233000_uto,2015,100.0
5240000_orno_forsamling,2015,98.78542510121457
5255110_aby,2015,82.7072152653548
5255121_jagartorp,2015,92.6731078904992
5255130_vasterhaninge_kyrka,2015,43.85026737967914
5255140_ribby,2015,27.106518282988873
5255150_nedersta_nodesta,2015,9.171443460135487
5255210_norra_tungelsta,2015,58.74756335282652
5255220_sodra_tungelsta,2015,83.27402135231317
5255910_vasterhaninge_glesbygd_n,2015,97.32868757259001
5255920_vasterhaninge_glesbygd_s,2015,93.71492704826038
5255930_arsta_havsbad_v_berga,2015,78.42323651452283
5260000_musko_forsamling,2015,98.30508474576271
5310420_skogsang_milsten,2015,29.871263364608335
5310810_fullersta_gard,2015,0.0
5310830_fridhem,2015,25.508864084044646
5310840_kallbrink_vistaberg,2015,45.754290876242095
5310850_vardkasen,2015,76.24703087885986
5310910_sjodalen_huddinge_c,2015,0.0
5310941_solgard,2015,67.15063520871144
5310942_sorskogen,2015,98.97134459955915
5310950_horningsns_balingsnas,2015,35.47508848352845
5311010_stuvsta_kvarnberget,2015,0.0
5311030_segersminne,2015,21.0413694721826
5311041_stensangen_hogmora,2015,96.77731227844022
5311042_kynas,2015,16.989022477783585
5311110_glado_kvarn,2015,79.82583454281567
5311120_adran,2015,99.85955056179775
5320110_trangsunds_centrum,2015,58.13609467455622
5320120_trangsunds_smahus,2015,39.41997851772288
5320310_vastra_skogas,2015,74.36915225404026
5320320_ostra_skogas,2015,27.87249814677539
5320410_lanna_drevviken,2015,91.15426105717368
5320510_trangsunds_glesbygd,2015,99.375
5320520_vidja,2015,57.765667574931875
5330110_varby_gard,2015,84.8515349773528
5330200_masmo,2015,99.58111195734958
5330331_smista_juringe,2015,20.99308610936518
5330332_jakobslund,2015,0.0
5330340_krakvik,2015,48.41997961264016
5330410_utsalje,2015,44.22299248989024
5330430_snattringe_gard,2015,9.595959595959595
5340500_glomsta,2015,93.58407079646017
5340630_kasta,2015,86.3562091503268
5340640_grantorp,2015,90.89164452317685
5340710_visattra,2015,100.0
5411010_henriksdal,2015,100.0
5411020_finnberget,2015,100.0
5411030_kvarnholmen,2015,22.528160200250312
5411040_danviken,2015,97.90996784565917
5411100_alphyddan,2015,55.16949152542373
5411110_finntorp,2015,63.46020761245674
5411130_ekudden,2015,0.0
5411140_jarla_industriomr,2015,0.0
5411200_sickla_industriomr,2015,99.05956112852664
5411210_tallbacken,2015,100.0
5411220_nysatra,2015,88.23529411764706
5411320_jarlaberg,2015,69.86976416754663
5411330_vikdalen,2015,100.0
5411340_nacka_strand,2015,99.83193277310924
5411410_nacka_centrum,2015,0.0
5411500_storangen,2015,25.44560540872772
5411600_duvnas_utskog,2015,97.42351046698873
5411610_skuru,2015,33.666969972702454
5411700_skogalund,2015,36.3080684596577
5411710_vastra_ektorp,2015,20.92436974789916
5411720_ostra_ektorp,2015,21.509824198552224
5411740_saltangen,2015,0.0
5411800_duvnas,2015,5.398361876396128
5411900_hasthagen,2015,98.0
5413001_fisksatra_sm,2015,100.0
5413002_fisksatra_fh,2015,24.07066052227343
5414001_erstavik,2015,100.0
5414100_kolarangen,2015,99.9009900990099
5414200_alta_gard,2015,99.03352461491997
5414300_stenso,2015,90.85799925065568
5414310_hedvigslund,2015,89.48863636363636
5423100_igelboda,2015,31.714568880079284
5423201_solsidan_norr,2015,100.0
5423202_saltsjobaden_centrum,2015,99.62121212121212
5423230_tattby,2015,39.28299008390542
5423300_neglingeon,2015,46.22437971952535
5423400_solsidan,2015,65.75682382133995
5423500_algo,2015,61.6289592760181
5432000_norra_bjorknas,2015,74.5
5432020_sodra_bjorknas,2015,16.341352700862462
5432030_klinten,2015,0.0
5432100_eknas,2015,93.70357269189954
5432200_vastra_kummelnas,2015,96.3914373088685
5432220_ostra_kummelnas,2015,41.284779050736496
5432300_kil,2015,100.0
5432400_krokhojden,2015,85.41226215644821
5432410_orminge,2015,40.06514657980456
5432500_mensattra,2015,51.22780506233472
5432600_kallvagen,2015,41.9838523644752
5432610_eriksvik,2015,78.29959514170041
5432700_norra_lannersta,2015,22.183858437634875
5432710_sodra_lannersta,2015,29.521016617790814
5432810_boo_gard,2015,6.08955223880597
5432900_gustavsvik,2015,14.772727272727273
5511000_vastra_trollbacken,2015,3.5480464625132
5511120_centrala_trollbacken,2015,1.1137162954279016
5511130_sodergarden,2015,2.8072033898305087
5511140_skalsatra,2015,91.86851211072664
5511150_norra_hanviken,2015,59.682224428997024
5511160_sodra_hanviken,2015,25.906735751295333
5512010_norra_lindalen,2015,37.48403575989783
5513010_tyreso_centrum,2015,39.097744360902254
5513020_simvagen,2015,100.0
5513110_granitvagen,2015,100.0
5513120_pluggvagen,2015,100.0
5513140_mellanbergsvagen,2015,100.0
5513150_granangsringen,2015,83.38192419825073
5513160_vastra_farmarstigen,2015,100.0
5513170_ostra_farmarstigen,2015,100.0
5513210_ostra_bollmora,2015,100.0
5513220_bondevagen,2015,100.0
5513310_norra_bollmora,2015,100.0
5513330_vastra_fardala,2015,87.48603351955308
5513410_fardala,2015,100.0
5514000_krusboda,2015,98.2953055337005
5515010_oringe,2015,79.93456924754635
5515120_strand_norr_tyreso_strand_centrum_strand_syd_gimmersta,2015,75.5748209574067
5515210_vissvass_raksta_solberga_bergholm,2015,95.90958019375672
5515220_inre_brevik_yttre_brevik,2015,45.106205747605166
5610200_mortnas,2015,43.96809571286141
5610500_gustavsbergs_glesbygd_gustavsbergs_glesbygd_v,2015,83.2807570977918
5611110_munkmora,2015,100.0
5611120_lugnet_flerbostadshus,2015,100.0
5611130_lugnet_smahus,2015,98.98119122257053
5611140_hojdhagen,2015,99.14224446032881
5611150_sodra_gustavsberg_hasthagen,2015,85.43263964950711
5611160_osby_grind,2015,100.0
5611170_osbydalen,2015,95.16358463726885
5611190_holmviksskogen,2015,100.0
5620100_brunn,2015,100.0
5620510_norra_ingaro_sodra_farstalandet,2015,100.0
5620520_sydvastra_ingaro,2015,96.19903248099516
5620530_langvik_klacknaset_skalsmara,2015,99.51541850220265
5630110_hemmesta,2015,55.82371458551941
5630120_fruvik,2015,29.2749658002736
5630130_hemmestahojden,2015,71.21212121212122
5630200_angsvik,2015,100.0
5630300_skepsdalsstrom,2015,99.83933161953728
5630400_kopparmora,2015,100.0
5630510_norra_varmdo_torsby_evlinge_saltaro_skarmaro,2015,91.52542372881356
5630520_sodra_varmdolandet_stromma_bullando_alvsala_fagerdala_fagelbrolandet,2015,96.68658337859858
5630600_varmdo_norra_skargard,2015,96.875
5640100_djurhamn,2015,96.19978284473399
5640200_stavsnas,2015,94.27480916030534
5640510_stavsnas_glesbygd,2015,85.17587939698493
5640520_djuro_glesbygd,2015,84.10206084396468
5640600_djuro_skargard,2015,98.53658536585365
5650000_moja_forsamling,2015,98.91696750902527
5660000_namdo_forsamling,2015,94.25287356321839
5711010_soderby_garde,2015,100.0
5711020_soderby_park,2015,100.0
5711110_skyttorp,2015,75.43496271748135
5711120_skogsang,2015,51.13146551724138
5711130_soderby,2015,67.8921568627451
5711200_salems_centrum,2015,61.20815138282387
5712110_norra_ronninge,2015,95.1084215834594
5712210_uttringe,2015,100.0
5712220_ostra_ronninge,2015,78.29113924050633
5712300_ronninge_centrum,2015,0.0
5713000_salems_glesbygd,2015,99.04306220095694
6110310_norrtalje_centrum,2015,0.0
6110320_fagelsangen,2015,47.43918053777209
6110330_vastra_rodenstaden,2015,95.31722054380664
6110340_ostra_rodenstaden,2015,6.7164179104477615
6110350_norgegardet,2015,48.224195338512764
6110360_roslagsstaden,2015,44.02895054282268
6110410_grossgardet,2015,24.159021406727827
6110430_sodra_bergen,2015,5.166051660516605
6110440_vastra_kvisthamra,2015,0.0
6110450_kvisthamra,2015,1.1037527593818985
6121000_malsta_forsamling,2015,83.80743982494529
6122000_loharads_forsamling,2015,79.18660287081339
6123100_svanberga,2015,87.58620689655172
6123210_farsna,2015,98.60529986052998
6123220_sodra_estuna,2015,93.80733944954129
6123500_estuna_glesbygd,2015,87.90560471976401
6125000_roslags_bro,2015,95.9840690341852
6126500_vato_fastland,2015,95.14450867052024
6126600_vato,2015,98.6469477658905
6131100_sodersvik,2015,88.8235294117647
6131501_radmansolandet,2015,98.7381005091875
6131502_graddo,2015,87.24082934609251
6132120_osthamra,2015,35.0
6132200_frotuna,2015,44.58204334365325
6132501_frotuna_o_glesbygd,2015,96.02459916538547
6132502_spillersboda,2015,89.82142857142857
6133100_furusund,2015,100.0
6133200_kopmanholm,2015,92.3913043478261
6133600_yxlan,2015,100.0
6133700_blido,2015,96.95256819857458
6134100_bergshamra,2015,73.09417040358744
6134510_lanna_fastland,2015,97.90040376850607
6134520_svartno,2015,98.96193771626297
6135000_riala_forsamling,2015,89.74809607498536
6141110_sodra_rimbo,2015,4.435483870967742
6141120_hasta,2015,68.01853997682502
6141130_vastertorp,2015,46.3093559003291
6141500_rimbo_glesbygd,2015,94.94809688581314
6142100_ranas,2015,92.63803680981594
6142500_fasterna_glesbygd,2015,81.1816192560175
6143100_edsbro,2015,96.01449275362319
6143500_edsbro_glesbygd,2015,95.8223162347964
6144000_skederids_forsamling,2015,99.11504424778761
6145000_husby_sjuhundra,2015,87.04819277108435
6146000_ro_forsamling,2015,87.1859296482412
6147000_nartuna_forsamling,2015,90.62087186261559
6148000_gottrora_forsamling,2015,87.35521235521236
6151100_ostra_hallstavik,2015,91.96925523456136
6151200_herrang,2015,100.0
6151500_havero_glesbygd,2015,98.41351074718526
6152100_vastra_hallstavik,2015,100.0
6152500_edebo_glesbygd,2015,95.42619542619542
6154100_skebobruk,2015,100.0
6154500_ununge_glesbygd,2015,99.76851851851852
6161000_singo_forsamling,2015,97.10796915167094
6162100_almsta,2015,95.7983193277311
6162200_grisslehamn,2015,85.18518518518519
6162510_vaddo_fastland,2015,82.80821917808218
6162520_vaddo,2015,98.16167805797784
6163500_bjorko,2015,99.73913043478261
6164100_soderby_karl,2015,59.67741935483871
6164500_soderby_karls_glesbygd,2015,91.74511223750905
6210240_nicksta,2015,44.630071599045344
6210270_kallsmo,2015,89.28571428571429
6210350_vastra_nynashamn_c,2015,48.53294853294853
6210360_ostra_nynashamn_c,2015,31.193838254172015
6210410_nynashamn_sv_esto,2015,88.89802631578947
6210440_sandhamn_mm,2015,93.82716049382715
6210490_trehorningen_mm,2015,44.45617740232313
6210520_vaktberget,2015,49.6274217585693
6210570_rappsta_hacktorp,2015,67.38916256157636
6210640_hamnvik,2015,100.0
6220100_sorunda,2015,77.95152462861611
6220200_stora_vika,2015,100.0
6220300_grodby,2015,100.0
6220510_liso,2015,96.15635179153095
6220520_sorunda_vastra_glesbygd,2015,85.31796841655996
6220530_sorunda_ostra_glesbygd,2015,97.59110562075355
6230000_toro_forsamling,2015,98.10094952523738
6240100_osmo,2015,74.55437871351072
6240510_jarflotta,2015,99.15014164305948
6240530_osmo_ostra_glesbygd,2015,98.83177570093457
6240540_osmo_vastra_glesbygd,2015,100.0
6240550_osmo_norra_glesbygd,2015,98.85807504078304
6310110_ostra_centrum,2015,90.49773755656109
6310120_vastra_centrum,2015,93.53876739562624
6310130_kvarnberga,2015,69.42300624770304
6310170_vardsholmen,2015,100.0
6310320_blombacka,2015,98.91766524932353
6310330_mariekalla,2015,60.63249727371864
6310340_saltskog,2015,19.951253481894152
6310351_sodra_vastergard,2015,67.76315789473685
6310352_norra_vastergard,2015,39.44676013641531
6310353_vastra_vastergard,2015,100.0
6310360_barstafaltet,2015,7.235621521335807
6310370_barstabergen,2015,99.68051118210862
6310422_stationsomradet_sodra,2015,6.832298136645963
6320510_vastra_grusasen,2015,0.0
6320520_ostra_grusasen,2015,70.41337668369717
6320541_sodra_brunnsang,2015,30.922986478542036
6320542_norra_brunnsang,2015,79.82096232748974
6320550_ragnhildsborg,2015,100.0
6320611_kusens_backe,2015,100.0
6320612_sjukhuset,2015,65.29850746268657
6320621_ostra_rosenlund,2015,94.27899686520375
6320622_rosenborg,2015,100.0
6320940_viksberg,2015,100.0
6321710_igelsta,2015,0.0
6321720_ostertalje,2015,41.51599443671766
6321740_fornhojden,2015,77.04299723409605
6330210_karlhov,2015,73.86759581881533
6330220_sodra_ronna,2015,28.18401937046005
6330230_norra_ronna,2015,100.0
6330240_vastra_ronna,2015,100.0
6330250_lina_hage,2015,100.0
6330260_lina,2015,100.0
6330380_norra_geneta,2015,91.76346356916578
6330391_vastra_geneta,2015,100.0
6330392_ostra_geneta,2015,100.0
6341410_pershagen,2015,52.28671943711522
6341430_tveta_glesbygd,2015,96.35922330097088
6341451_hovsjo,2015,90.33381118165063
6351200_enhorna_glesbygd,2015,87.64354616444649
6351210_ekeby,2015,86.86868686868688
6381100_molnbo,2015,69.55702167766258
6381500_vardinge_glesbygd,2015,92.54783484390735
6382100_jarna,2015,48.798411122144984
6382500_overjarna_glesbygd,2015,90.71993341656263
6383000_ytterjarna_forsamling,2015,87.25065047701648
6391100_holo,2015,67.68642447418738
6391500_holo_glesbygd,2015,87.82771535580525
6392000_morko_forsamling,2015,79.11025145067698
6410100_nykvarn,2015,52.72833381966735
6410500_turinge_glesbygd,2015,99.88974641675854
6420000_taxinge_forsamling,2015,99.81981981981983
