basomrade,year,access_sl_lt_300
1010120_skeppsbron,2015,100.0
1010130_munkbron,2015,100.0
1010140_stortorget,2015,100.0
1010201_centralstationen_n,2015,100.0
1010220_klara_kyrka,2015,100.0
1010230_centralposten,2015,100.0
1010240_oscarsteatern,2015,100.0
1010250_brunkeberg,2015,100.0
1010290_oxtorget,2015,100.0
1010310_norrlandsgatan,2015,100.0
1110111_brunnsgatan_n,2015,100.0
1110112_brunnsgatan_s,2015,100.0
1110120_johannes_kyrka,2015,100.0
1110210_wenner_gren_center,2015,100.0
1110220_vanadislunden,2015,100.0
1110230_surbrunnsomradet,2015,100.0
1110240_norra_real,2015,100.0
1110250_elverket,2015,100.0
1120110_tegnerlunden,2015,100.0
1120120_tandlakarhogskolan,2015,100.0
1120131_norra_bantorget_o,2015,100.0
1120140_adolf_fredriks_kyrka,2015,100.0
1120150_skandiahuset,2015,100.0
1120210_kungssten,2015,100.0
1120220_saltmatargatan,2015,100.0
1120230_sjokatten,2015,100.0
1130110_atlasomradet,2015,100.0
1130120_gustav_vasa_kyrka,2015,100.0
1130130_observatoriegatan,2015,100.0
1130140_sabbatsberg,2015,100.0
1130150_polstjarnan,2015,100.0
1130170_betlehemskyrkan,2015,100.0
1140110_norrtull,2015,100.0
1140120_tre_liljor,2015,100.0
1140130_matteuskyrka,2015,100.0
1140140_halsingehojden,2015,100.0
1140150_centralgaraget,2015,100.0
1140210_norra_station_1_norra_station_2,2015,100.0
1140220_birkagarden,2015,100.0
1140230_rorstrand,2015,100.0
1140240_rodaberget,2015,100.0
1140250_s_t_eriksplan,2015,100.0
1210110_roslagstull,2015,100.0
1210120_larkstaden,2015,100.0
1210131_danderydsplan_v,2015,100.0
1210132_danderydsplan_o,2015,100.0
1210140_eriksberg,2015,100.0
1210151_stureplan_o,2015,100.0
1210161_humlegarden_o,2015,100.0
1210171_stureparken_o,2015,100.0
1210172_stureparken_v,2015,100.0
1210210_roslagstulls_sjukhus,2015,100.0
1210220_ostra_station,2015,100.0
1210320_ekhagen,2015,100.0
1210330_frescati,2015,74.60317460317461
1210410_centrala_hjorthagen,2015,100.0
1220110_ostermalmshallen,2015,100.0
1220120_dramatiska_teatern,2015,100.0
1220130_ostermalmstorg,2015,100.0
1220140_skvalberget,2015,100.0
1220150_tyskbagaromradet,2015,100.0
1220160_hedvig_eleonora_kyrka,2015,100.0
1220170_kronkvarnen,2015,100.0
1230110_karlaplan,2015,100.0
1230120_historiska_musuet,2015,90.32943676939426
1230130_strandvagen,2015,97.28596646072374
1230140_oscarskyrkan,2015,100.0
1230161_gustav_adolfskyrkan_v,2015,100.0
1230162_gustav_adolfskyrkan_o,2015,100.0
1230210_djurgardsstaden,2015,97.44525547445255
1230300_hastgardet,2015,100.0
1230310_olaus_petri_kyrka,2015,100.0
1230320_tessinparken,2015,100.0
1230330_smedsbacken,2015,100.0
1230350_kampementsbacken,2015,100.0
1230360_oregrundsgatan,2015,100.0
1230390_ladugardsgardet,2015,0.0
1310100_stadshuset,2015,100.0
1310110_eira,2015,100.0
1310120_kungsklippan,2015,100.0
1310130_kungsbroplan,2015,100.0
1310140_tekniska_namndhuset,2015,100.0
1310150_landstingshuset,2015,100.0
1310160_pontonjarparken,2015,100.0
1310170_s_t_eriks_sjukhus,2015,100.0
1310180_wargentinsgatan,2015,100.0
1310190_kronoberg,2015,100.0
1320110_karlsvik,2015,100.0
1320120_hemmet,2015,100.0
1320130_fridhemsplan,2015,100.0
1320140_s_t_eriksgatan,2015,100.0
1320150_alstromergatan,2015,100.0
1320210_ralambshov,2015,100.0
1320220_svedbergsplan,2015,100.0
1320240_mariebergsparken,2015,100.0
1320310_ostra_stadshagen,2015,100.0
1320330_lindhagensplan,2015,100.0
1320410_vastra_kristineberg,2015,81.09102053325161
1320420_thorildsplan,2015,100.0
1320500_fredhall,2015,100.0
1330100_lilla_essingen,2015,100.0
1330200_stora_essingen,2015,91.48743491057279
1410110_mariaberget,2015,99.30984380675628
1410120_maria_kyrka,2015,100.0
1410130_swedenborgsgatan,2015,92.8223388305847
1410140_gullfjardsplan,2015,100.0
1410150_bergsgruvan,2015,100.0
1410210_sodra_station_vast,2015,100.0
1410220_sodra_station_ost,2015,100.0
1420110_hogalidskyrkan,2015,100.0
1420120_skinnarviksringen,2015,100.0
1420130_ludvigsberg,2015,99.6524761077324
1420140_bergsund,2015,100.0
1420210_hornstull,2015,100.0
1420220_bysistappan,2015,100.0
1420230_sodra_namndhuset,2015,100.0
1420240_zinkensdamm,2015,100.0
1420310_sodersjukhuset,2015,100.0
1420320_tanto,2015,100.0
1420330_skoldgatan_syd,2015,100.0
1420360_skoldgatan_nord,2015,100.0
1420410_langholmen,2015,60.0
1420420_reimersholme,2015,100.0
1430120_vastra_aso,2015,100.0
1430130_blekingetappan,2015,100.0
1430140_helgalunden,2015,100.0
1430150_eriksdal,2015,100.0
1430160_asotorget,2015,100.0
1430180_rosenlund,2015,100.0
1430210_mosebacke,2015,100.0
1430220_ostra_aso,2015,100.0
1430230_katarina_kyrka,2015,100.0
1430240_bjurholmsplan,2015,100.0
1430250_nytorget,2015,100.0
1440110_ersta,2015,100.0
1440120_sofia_kyrka,2015,100.0
1440210_tullgarden,2015,100.0
1440220_vita_bergen,2015,100.0
1440230_blecktornet,2015,100.0
1440240_vintertullen,2015,100.0
1440250_barnangen,2015,100.0
1440260_mjardgrand,2015,100.0
1440311_danviken_n,2015,100.0
1440312_danviken_s,2015,93.9918533604888
2110120_sankt_sigfrid,2015,100.0
2110130_ornsberg_nord_ost,2015,91.74184594031922
2110140_vinterviken,2015,44.72885032537961
2110150_ornsberg_syd_ost,2015,100.0
2110220_ostra_grondal,2015,98.25334143377886
2110230_ekensberg,2015,100.0
2110310_axelsbergs_torg,2015,100.0
2110320_klubbacken,2015,98.81422924901186
2110330_axelsberg_syd_ost,2015,100.0
2110340_stensborg,2015,97.37919737919738
2110350_sankt_mickelsgatan,2015,69.80651731160896
2110370_ornsberg_syd_vast,2015,100.0
2110380_hagerstenshamnen,2015,0.0
2110390_axelsberg_nord,2015,88.85714285714286
2110520_norra_hagerstensasen,2015,100.0
2110530_sodra_hagerstensasen,2015,100.0
2110620_nybohov,2015,67.2949566989302
2110650_liljeholmsberget,2015,100.0
2110660_lovholmen,2015,100.0
2110681_nyboda_o,2015,100.0
2110720_svandammen,2015,100.0
2110730_fastlagsvagen,2015,100.0
2110740_telefonplan,2015,100.0
2110810_norra_malarhojden,2015,77.22070844686648
2110820_gulddragaren,2015,100.0
2110920_karusellvagen,2015,100.0
2110930_korpmossen,2015,100.0
2110940_hokmossen,2015,91.58671586715867
2120100_fruangen,2015,96.95227765726682
2120201_herrangen_v,2015,87.26682887266828
2120202_herrangen_o,2015,92.62422360248446
2120300_liseberg,2015,100.0
2120401_langbro_v,2015,96.7042021422686
2120402_langbro_o,2015,98.01778907242694
2120500_langsjo,2015,93.12223357167177
2120620_norra_solberga,2015,94.26359666534339
2120630_vastra_solberga,2015,100.0
2120660_sodra_solberga,2015,100.0
2120700_vastertorp,2015,80.74622166246851
2120820_vastra_alvsjo,2015,91.26594700686948
2120900_orby_slott,2015,98.5553772070626
2121020_ostbergahojden_ostbergavagen,2015,100.0
2130100_bandhagen,2015,75.19937451133698
2130210_hogdalens_centrum,2015,100.0
2130220_ostra_hogdalen,2015,83.53381448810478
2130230_vastra_hogdalen,2015,99.61439588688947
2130240_skebokvarnsvagen,2015,100.0
2130320_ragsveds_torg,2015,88.558899740881
2130330_bjursatra,2015,100.0
2130340_snosatra,2015,88.0701754385965
2130420_backaskiftsvagen,2015,86.98564593301435
2130430_ostra_stureby,2015,88.45895020188425
2130440_vastra_stureby,2015,97.71293375394322
2130501_orby_n,2015,100.0
2130502_orby_s,2015,86.73245614035088
2130620_hagsatra_torg,2015,100.0
2130630_ormkarr,2015,98.63013698630137
2140120_ostra_enskedefaltet,2015,47.43954480796586
2140210_vastra_enskede_gard,2015,92.90748898678413
2140220_tradskolan,2015,100.0
2140320_enskede_kyrka,2015,91.49194773625038
2140330_svampvagen,2015,93.3066361556064
2140340_sandsborg,2015,100.0
2140350_dalen,2015,100.0
2140620_gullmarsplan,2015,100.0
2140630_skarmarbrink,2015,96.76632092739476
2140820_skanskvarn,2015,100.0
2140830_arsta_centrum,2015,100.0
2140840_arsta_gard,2015,100.0
2140850_valla_garde,2015,100.0
2150100_bjorkhagen,2015,71.38986292636277
2150200_enskededalen,2015,100.0
2150400_hammarbyhojden,2015,85.83655150819331
2150500_karrtorp,2015,100.0
2150720_pungpinan,2015,61.53846153846154
2150731_skarpnacksfaltet_o,2015,100.0
2150732_skarpnacksfaltet_v,2015,100.0
2150740_skarpa_by,2015,0.0
2150820_lagaplan,2015,82.0837927232635
2150830_sodra_bagarmossen,2015,100.0
2150840_norra_bagarmossen,2015,100.0
2160120_havsornstorget,2015,100.0
2160130_fagersjovagen,2015,76.144578313253
2160220_sodra_farsta,2015,100.0
2160230_vastra_farsta,2015,99.23871669385535
2160240_ostra_farsta,2015,100.0
2160260_norra_farsta,2015,78.34710743801652
2160320_ullerudsbacken,2015,100.0
2160330_farsta_gard,2015,95.62231759656652
2160520_gubbangstorget,2015,68.61329369292844
2160530_gubbangens_gard,2015,2.954209748892171
2160620_vastra_hokarangen,2015,17.59486501793468
2160630_sondagsvagen,2015,54.16920267802799
2160640_lingvagen,2015,23.650156180276664
2160720_vastra_larsboda,2015,100.0
2160760_ostra_larsboda,2015,95.93023255813954
2160820_bagarfruvagen,2015,100.0
2160830_vastra_skondal,2015,90.52004333694474
2160840_norra_skondal,2015,90.85872576177285
2160850_stora_skondal,2015,38.144329896907216
2160920_sodra_svedmyra,2015,85.35064935064935
2160930_norra_svedmyra,2015,57.99256505576208
2161020_norra_tallkrogen,2015,34.27909669947887
2161030_sodra_tallkrogen,2015,53.1593966571545
2170120_bredangs_alle,2015,100.0
2170130_yttre_bredang,2015,100.0
2170220_satra_torg,2015,100.0
2170230_norra_satra,2015,76.19047619047619
2170310_skarholmens_centrum,2015,100.0
2170321_skarholmens_gard,2015,100.0
2170322_mellersta_skarholmen,2015,99.93704092339979
2170330_sodra_skarholmen,2015,91.82736455463728
2170420_ostra_varberg,2015,100.0
2170430_vastra_varberg,2015,42.87222808870116
2210120_norra_abrahamsberg,2015,91.73427991886409
2210130_sodra_abrahamsberg,2015,100.0
2210200_beckomberga,2015,98.70435806831567
2210300_blackeberg,2015,70.1452784503632
2210400_bromma_kyrka,2015,79.98552298226565
2210500_ballsta,2015,98.27586206896551
2210600_eneby,2015,95.91373439273553
2210700_mariehall,2015,82.86163522012579
2210830_runstensplan,2015,53.166421207658324
2210840_angbylunden,2015,66.33085896076352
2210850_attehagen,2015,39.17910447761194
2210860_akeshovsbadet,2015,100.0
2210920_sodra_riksby,2015,100.0
2211121_farjestadsvagen_v,2015,58.20203892493049
2211130_angbyhojden,2015,42.587209302325576
2211220_johannesfred,2015,74.28992991516046
2211300_akeshov,2015,64.1643059490085
2211420_ostra_akeslund,2015,77.92299540798304
2211460_vastra_akeslund,2015,100.0
2220100_alvik,2015,100.0
2220200_hoglandet,2015,66.40899508081517
2220300_nockeby,2015,68.30566865017225
2220400_nockebyhov,2015,92.524682651622
2220500_olovslund,2015,73.22033898305085
2220600_smedslatten,2015,48.41936774709884
2220700_stora_mossen,2015,75.71606475716065
2220820_sodra_traneberg,2015,100.0
2220830_norra_traneberg,2015,100.0
2220840_minneberg,2015,100.0
2220900_ulvsunda,2015,91.52759948652118
2221000_alsten,2015,70.97058823529412
2221100_appelviken,2015,89.0185676392573
2230100_grimsta,2015,99.8655311519498
2230200_kalvesta,2015,89.52213941253837
2230300_nalsta,2015,87.76499091459722
2230420_vastra_racksta,2015,92.92056635469163
2230430_ostra_racksta,2015,91.71270718232044
2230440_racksta_sjukhus,2015,100.0
2230520_norra_vinsta,2015,96.9172932330827
2230560_sodra_vinsta,2015,100.0
2230610_vallingby_centrum,2015,100.0
2230620_sodra_vallingby,2015,99.25074925074925
2230630_norra_vallingby,2015,90.26275115919628
2240121_sodra_bromsten_n,2015,91.57392686804452
2240122_sodra_bromsten_s,2015,78.65497076023392
2240130_norra_bromsten,2015,69.49152542372882
2240200_flysta,2015,71.64179104477611
2240520_norra_rinkeby_kvarnby_norra_rinkeby_askeby,2015,72.81840244803209
2240530_sodra_rinkeby_knutby_sodra_rinkeby_bredby,2015,88.0764563106796
2240621_solhojden,2015,57.59493670886076
2240622_spanga_torg,2015,100.0
2240631_solhems_villastad_vast,2015,99.87692307692308
2240632_spanga_gymnasium,2015,91.12627986348123
2240640_solhems_villastad_nord,2015,83.41346153846155
2240650_logvagen_erland,2015,100.0
2240700_sundby,2015,55.13933302878027
2240820_norra_tensta_spanga_kyrkvag_norra_tensta_tensta_alle,2015,97.44610281923714
2240830_sodra_tensta_spanga_kyrka_sodra_tensta_tensta_kyrka,2015,100.0
2240840_hjulsta,2015,100.0
2250120_hasselby_torg,2015,74.92001421969428
2250130_vastra_hasselby_gard,2015,21.670428893905193
2250140_sodra_hasselby_gard,2015,56.917197452229296
2250200_hasselby_strand,2015,70.00546597430993
2250310_backlura,2015,70.31570315703158
2250320_trollboda,2015,69.11278905143936
2250332_hasselby_villastrand,2015,48.014578937272205
2250340_hasselby_kyrka,2015,92.76960784313727
2250350_akermyntan,2015,99.51884522854851
2250370_radisvagen,2015,44.71544715447154
2250380_smedshagen,2015,100.0
2260120_centrala_akalla,2015,100.0
2260130_sodra_akalla,2015,88.69187019069923
2260220_norra_husby,2015,100.0
2260230_sodra_husby,2015,70.9619341563786
2260310_kista_centrum,2015,100.0
2260320_ovre_kista,2015,79.36942124964008
2260330_nedre_kista,2015,56.174990321331784
3110110_ostra_enebyberg,2015,63.88070692194403
3110120_vastra_enebyberg,2015,56.341642228739005
3110260_satra,2015,99.8180991359709
3110270_nora,2015,99.7324414715719
3110280_klingsta,2015,96.17834394904459
3110330_morbyskogen,2015,100.0
3110340_kevinge,2015,55.050115651503475
3110350_morby_centrum,2015,100.0
3110370_morbylund,2015,100.0
3110430_norra_djursholm,2015,78.48020434227331
3110440_sodra_djursholm,2015,57.078103207810315
3110450_osby,2015,62.89500509683996
3110460_ekeby,2015,75.45159796201946
3110510_norra_stocksund,2015,46.37260591990714
3110530_inverness,2015,94.5945945945946
3110540_sodra_stocksund,2015,50.961254066844134
3110610_klockargarden,2015,100.0
3110620_berga,2015,44.565217391304344
3210100_drottningholm,2015,40.88669950738916
3210500_lovo_glesbygd,2015,30.92105263157895
3220101_tappstrom_narlunda,2015,92.5632911392405
3220102_ostra_narlunda,2015,63.16725978647687
3220103_ekero_centrum,2015,99.5382247306311
3220211_alvnas,2015,76.17079889807162
3220212_brunna,2015,99.28486293206198
3220230_knalleborg,2015,100.0
3220261_ostra_trakvista,2015,71.06265143648322
3220262_gallsta_o,2015,65.98049837486457
3220270_sandudden,2015,40.01554001554001
3220500_ekero_glesbygd,2015,49.928673323823105
3230000_munso_forsamling,2015,52.087912087912095
3240000_adelso_forsamling,2015,60.02638522427441
3250100_farentuna_fd_forsamling,2015,60.78740157480315
3250201_hilleshogs_fd_forsamling,2015,42.997542997543
3250202_ricksattra,2015,0.0
3250310_stenhamra,2015,40.0462962962963
3250320_sanga_glesbygd,2015,51.93370165745856
3250400_ska_fd_forsamling,2015,52.66538214515093
3311110_staket,2015,75.6860592755214
3312220_vastra_kallhall,2015,100.0
3312230_skogstorp,2015,86.67687595712098
3312240_norra_kallhall,2015,100.0
3312250_bonas,2015,89.26654740608228
3312260_termosvagen,2015,99.88186650915534
3312270_ladersatra,2015,79.84353428439944
3312300_molnsattra,2015,14.424635332252835
3324100_olovslund,2015,70.38172192811368
3324200_berghem,2015,75.23536635284486
3324310_sodra_nibble,2015,100.0
3324320_norra_nibble,2015,87.5
3324410_tallbohov,2015,100.0
3324420_hammaren,2015,100.0
3324430_jakobsbergs_centrum,2015,100.0
3324500_vibblaby,2015,88.20224719101124
3335100_norra_viksjo,2015,78.98845892735913
3335210_ostra_viksjo,2015,59.79836168872086
3335220_viksjo_centrum,2015,81.61535029004908
3335310_ostra_lund,2015,65.56776556776556
3335320_vastra_lund,2015,82.20115850447604
3335410_ostra_sandvik,2015,91.87657430730478
3335420_sandvik,2015,90.40187280530628
3335600_fjallen,2015,68.24838898652607
3346110_skalby,2015,73.93969110075999
3346120_ormbacka,2015,81.0970464135021
3346200_skalby_gard,2015,79.46345975948196
3347300_jarfalla_kyrka,2015,81.56862745098039
3347400_barkrby,2015,72.07661290322581
3347500_barsbro,2015,75.93984962406014
3411110_norra_sticklinge,2015,61.82612918892666
3411120_sodra_sticklinge,2015,44.54887218045113
3411200_islinge,2015,70.96069868995633
3411310_vastra_naset,2015,100.0
3411320_ostra_naset,2015,88.54489164086688
3411400_bo_garde,2015,21.951219512195124
3411510_bo,2015,46.00326264274062
3411520_bjornbo,2015,100.0
3411610_boson,2015,21.176470588235293
3411620_rudboda,2015,81.40774973338073
3412100_elfvik,2015,54.308093994778076
3413110_torsviksplatan,2015,79.86577181208054
3413120_lidingo_centrum,2015,100.0
3413130_stureplatan,2015,87.95031055900621
3413140_herserud,2015,98.86363636363636
3413150_torsviks_torg,2015,100.0
3413210_bredablick,2015,100.0
3413220_norra_hersby,2015,90.21372328458943
3413230_sodra_hersby,2015,91.76636171710064
3413240_hersbyholm,2015,77.61707988980716
3413300_stockby,2015,96.41255605381166
3413410_baggeby,2015,100.0
3413420_bodal,2015,100.0
3413500_larsberg,2015,100.0
3413600_mosstorp,2015,91.65751920965971
3413710_centrala_gangsatra,2015,100.0
3413720_norra_gangsatra,2015,78.26453243470935
3413810_bergsatra,2015,100.0
3413820_centrala_skrsatra,2015,100.0
3413830_kottla_molna_kappsta,2015,95.3908984830805
3414210_centrala_kappala,2015,100.0
3414240_killinge,2015,26.790024135156877
3414250_ostra_kappala,2015,49.54721862871928
3414310_brevik,2015,94.46517412935323
3414320_hogberga,2015,53.83655645664379
3510110_gamla_marsta,2015,100.0
3510120_marsta_kyrka,2015,100.0
3510130_tingvalla,2015,100.0
3510140_ekillatorp,2015,100.0
3510150_sodra_ekilla,2015,100.0
3510160_marsta_centrum,2015,100.0
3510210_ostra_norrbacka,2015,100.0
3510220_vastra_norrbacka,2015,99.10780669144982
3510260_norra_ekilla,2015,90.4645476772616
3510270_ostra_arenberga,2015,75.62076749435666
3510280_satuna,2015,100.0
3510450_marsta_vastra_glesbygd_marsta_maby,2015,27.205882352941174
3522020_ostra_sigtuna,2015,94.01330376940133
3522030_gamla_sigtuna,2015,98.07355516637479
3522040_brannbo,2015,100.0
3522050_prastangen_och_hallsbo,2015,96.71052631578947
3522060_sjudargarden,2015,93.76278118609407
3532010_munkholmen,2015,50.67096081588836
3534030_sankt_olofs_glesbygd_pilsbo,2015,46.45577035735208
3541000_sankt_pers_forsamling,2015,13.202933985330073
3542000_haga_forsamling,2015,28.016359918200408
3551110_norra_valsta,2015,85.16819571865443
3551120_valsta_centrum,2015,100.0
3551130_sodra_valsta,2015,100.0
3551140_ostra_steninge,2015,96.62295081967213
3551150_steninge_gard,2015,79.33541017653167
3560210_rosersbergs_bostadsomr,2015,97.97687861271676
3560500_rosersbergs_nya_arbetsomr_arlanda_stad_ost_norrsunda_glesbygd_brista_varmeverk,2015,49.034749034749034
3560610_sodra_skanela,2015,65.93245227606461
3580100_skepptuna_fd_forsamling,2015,53.71517027863777
3580210_ostra_lunda,2015,33.83297644539615
3580300_vidbo_fd_forsamling,2015,36.118598382749326
3610120_gillberga,2015,78.92061008994916
3610140_rotsunda,2015,86.94300518134716
3610170_rotebro_centrum,2015,55.50387596899225
3610180_rotsunda_gard,2015,94.44055944055944
3610210_vastra_viby,2015,76.25881168177241
3610230_ostra_viby,2015,39.06167633104902
3610310_vastra_norrviken,2015,87.35250737463127
3610330_ostra_norrviken,2015,64.16275430359939
3610400_vaxmora,2015,68.25938566552901
3610510_klasro,2015,89.30817610062893
3610530_haggviks_centrum,2015,97.4742268041237
3610540_skalby,2015,50.67824199674443
3610610_edsbergs_centrum,2015,96.10807333547766
3610650_ovriga_edsberg,2015,94.52506596306068
3610660_landsnora,2015,57.67309064953604
3610670_vasjoomradet,2015,34.82142857142857
3610680_kvarnskogen,2015,55.96774193548387
3610730_turebergs_industriomr,2015,100.0
3610750_fagelsangen,2015,88.27977315689981
3610760_tojnan,2015,94.92045771699694
3610770_nytorp,2015,76.60271408516613
3610780_skansen,2015,89.10714285714286
3610810_falkberget,2015,0.0
3610830_sjoberg,2015,47.39776951672863
3610920_ostra_helenelund,2015,80.95375722543353
3610931_tegelhagen,2015,76.68609492089925
3610940_helenelunds_centrum,2015,98.75180028804608
3610951_vastra_helenelund,2015,80.06016330038676
3612710_bagarby,2015,100.0
3710110_jarvafaltet_jarvastaden_norra_jarvastaden_sodra_jarvastaden_ostra,2015,90.25623735670936
3710120_vastra_ritorp,2015,100.0
3710130_ostra_ritorp,2015,100.0
3710141_sodra_frosunda_norra_frosunda,2015,100.0
3710143_ballongberget,2015,100.0
3710150_bangarden_nationalarenan,2015,77.77777777777779
3710160_bagartorp,2015,100.0
3710170_rastahem,2015,100.0
3710180_agnesberg,2015,100.0
3710200_ulriksdal,2015,96.53179190751445
3710310_norra_bergshamra,2015,99.47916666666666
3710320_bergshamra_torg,2015,100.0
3710330_stocksundstorp,2015,91.74454828660437
3710340_ostra_bergshamra,2015,100.0
3710350_sodra_bergshamra,2015,99.60803527682509
3710360_kungshamra,2015,100.0
3710420_karolinska_sjukhuset_nya_karolinska_solna_kyrkby,2015,100.0
3710430_karolinska_institutet,2015,100.0
3710520_jungfrudansen,2015,99.51708766716196
3710530_sodra_huvusta,2015,99.92435703479576
3710540_vastra_skogen,2015,84.93490390576565
3710550_gamla_huvusta,2015,100.0
3710570_huvudstafaltet,2015,100.0
3710580_pampas_marina_ingenting,2015,79.55801104972376
3720610_solna_station_stora_frosunda_brahelund,2015,100.0
3720620_blakulla,2015,100.0
3720630_rudviken_vastra_hagalund,2015,100.0
3720710_rasunda_kyrka_sodra_rasunda,2015,94.46341463414633
3720720_filmstaden,2015,100.0
3720730_skogskronet,2015,97.04713231118683
3720740_rasundaskolan_rasundastadion,2015,92.48723559445659
3720750_charlottenburg,2015,100.0
3720760_sodra_vasalund,2015,100.0
3720770_norra_vasalund,2015,100.0
3720780_ekensberg,2015,86.78343949044586
3720790_hallen,2015,100.0
3720910_skytteholm,2015,100.0
3720920_albygard,2015,100.0
3720930_solna_centrum,2015,100.0
3720940_hanneberg,2015,100.0
3720950_albydal,2015,100.0
3810100_lilla_alby,2015,100.0
3810110_sundbybergs_industriomrade,2015,100.0
3810220_rasten,2015,100.0
3810230_sundbybergs_centrum,2015,100.0
3810240_starrbacksgatan,2015,100.0
3810300_storskogen,2015,83.16135084427768
3810310_lotsjo,2015,100.0
3810320_tule,2015,92.08731241473397
3810400_duvbo,2015,83.78915962207857
3810410_hasthagen,2015,100.0
3810500_or,2015,100.0
3810610_hallonbergen,2015,100.0
3810720_rissne_norra_arbetsomrade,2015,100.0
3810740_norra_rissne,2015,100.0
3810750_sodra_rissne,2015,95.6366874443455
3810810_ursviks_smahusomrade,2015,100.0
3810821_kymlinge_brotorp_stora_ursvik_norra,2015,80.99838969404188
3910110_vastra_nasbypark,2015,68.2288496652465
3910120_ornstigen,2015,100.0
3910130_nasbyparks_centrum,2015,95.5158902916848
3910140_nasby_slott,2015,15.583173996175908
3910170_ostra_nasbypark,2015,67.43119266055045
3910190_lahall,2015,57.816836262719704
3910210_nasbydal,2015,74.16481069042317
3910220_grindtorp,2015,100.0
3910240_taby_centrum,2015,100.0
3910270_marknadsvagen,2015,100.0
3910280_akerbyvagen,2015,100.0
3910310_sodra_viggbyholm,2015,67.4863387978142
3910320_viggbygardet,2015,100.0
3910330_mellersta_viggbyholm,2015,81.04529616724739
3910350_norra_viggbyholm,2015,55.74712643678161
3910370_norra_hagernas,2015,100.0
3910380_sodra_hagernas,2015,100.0
3910480_norra_landsbygden,2015,2.56797583081571
3910730_ella,2015,69.81960019502682
3910770_vastra_ensta,2015,57.351077313054496
3910780_ostra_ensta,2015,70.80890973036342
3910790_kullagrand,2015,100.0
3910810_norra_ellagard,2015,60.546875
3910820_sodra_ellagard,2015,96.73590504451039
3910830_ava,2015,100.0
3910840_vastra_ellagard,2015,100.0
3910910_skarpang,2015,47.878917075250484
3910920_gripsvall,2015,22.779043280182233
3911010_ostra_roslags_nasby,2015,69.31352459016394
3911020_vastra_roslags_nasby,2015,97.20670391061452
3911510_lansen,2015,94.44444444444444
3911520_sodra_gribbylund,2015,71.95540308747856
3911530_gribbylunds_centrum,2015,95.20958083832335
3911540_norra_gribbylund,2015,82.8018533660398
3911550_sveavagen,2015,99.8984771573604
3911610_ostra_vallabrink,2015,14.482758620689657
3911620_vastra_vallabrink,2015,81.06060606060606
3911660_visinge,2015,86.28571428571429
3911670_vallatorp,2015,28.734810578984987
3911680_erikslund,2015,100.0
3911740_s_a_midgards_industriomr,2015,98.96907216494846
3911750_taby_kyrka,2015,82.14783821478382
3911760_midgard,2015,100.0
3911780_ostra_taby_kyrkby,2015,75.33585945573545
3911790_runborg,2015,68.06659099508134
4010120_skallsta_vastra_raby_garde,2015,94.85981308411215
4010130_gamla_bro_tatort,2015,96.36075949367088
4010140_bro_centrum,2015,92.60953721625901
4010500_kockbacka_bro_glesbygd_ostra_bro_sodra_bro,2015,38.81944444444444
4020000_lassa_forsamling,2015,36.74242424242424
4050100_habo_tibble_kyrkby,2015,83.81877022653723
4050200_mariedal_nashagen,2015,49.87012987012987
4050500_habo_tibble_glesbygd,2015,9.35483870967742
4060000_hatuna_forsamling,2015,48.946515397082656
4070110_sodra_kungsangen,2015,97.93103448275862
4070120_norra_kungsangen,2015,81.50994575045209
4070130_tibblehojden,2015,54.66012613875263
4070150_tibbleangen,2015,90.41805401405846
4070160_sylta,2015,80.18433179723502
4070170_kungsangens_glesbygd_rankhus,2015,5.485232067510549
4070210_brunna_tatort,2015,87.08693441789526
4111110_norra_runby,2015,81.1782945736434
4111120_sodra_runby,2015,100.0
4111130_runby_lovsta,2015,94.66063348416289
4111140_prastgardsmarken,2015,100.0
4111900_eds_glesbygd,2015,48.459958932238195
4122100_lowenstromska_sjukhuset,2015,86.86708860759494
4122210_norra_vilunda,2015,49.91166077738516
4122230_apoteksskogen,2015,100.0
4122240_vasbyskogen,2015,93.93013100436681
4122310_korpkulla,2015,96.91056910569105
4122340_vilunda,2015,100.0
4122420_norra_smedby,2015,91.68562041950973
4122430_sodra_smedby,2015,100.0
4122520_skalby,2015,89.77176669484362
4122530_carlslund,2015,59.04900533721494
4122540_brunnby,2015,33.86773547094188
4122600_vastra_odenslunda,2015,99.26900584795322
4133110_sanda,2015,60.66666666666667
4133120_ostra_odenslunda,2015,65.44310435238594
4133200_frestaby,2015,91.27310061601642
4133310_vastra_bollstanas,2015,98.7797437461867
4133330_ostra_bollstanas,2015,87.33215100076008
4133350_sodra_bollstanas,2015,82.54310344827587
4133910_fresta_norra_glesbygd,2015,25.555555555555554
4133920_fresta_sodra_glesbygd,2015,54.437869822485204
4210110_centrala_vallentuna,2015,52.98308103294747
4210210_norra_vallentuna_tatort,2015,76.86703096539162
4210220_nv_a_vallentuna_tatort,2015,76.4070932922128
4210320_ostra_ormsta,2015,44.9438202247191
4210330_vastra_ormsta,2015,79.22937989163155
4210340_aby_bostadsomrade,2015,92.55605381165918
4210410_vastra_ballsta,2015,61.5625980545968
4210420_kragstalund,2015,88.4180790960452
4210430_ballstaberg,2015,74.23056859676578
4210440_karlberg_rickeby_okvista,2015,87.2251705837756
4210510_vallentuna_glesbygd_v,2015,27.232796486090777
4210530_vallentuna_glesbygd_no,2015,9.523809523809524
4210540_ostra_vallentuna_tatort_vallentuna_glesbygd_so,2015,0.0
4220000_markims_forsamling,2015,42.76094276094276
4230100_lindholmen,2015,93.02832244008714
4230500_sodra_lindholmen_orkesta_glesbygd,2015,42.41706161137441
4240000_frosunda_forsamling,2015,37.51763046544429
4250100_karsta,2015,96.81818181818181
4250200_ekskogen,2015,68.30601092896174
4250500_karsta_glesbygd,2015,52.28161668839635
4260500_vada_glesbygd,2015,23.404255319148938
4270100_karby,2015,51.554404145077726
4270200_brottby,2015,98.96907216494846
4270501_ovr_osseby_garns_glesbygd,2015,26.940993788819878
4270502_algeby_garns_ekskogen,2015,0.0
4280000_angarns_forsamling,2015,59.325842696629216
4311441_bogesund,2015,49.46236559139785
4311442_storholmen,2015,0.0
4311443_kullon,2015,19.190751445086704
4311460_karlsudd,2015,0.0
4311610_ostra_vaxon,2015,98.30677290836654
4311620_vastra_vaxon,2015,78.35189309576838
4311650_engarn_storang,2015,90.55007052186178
4311661_ytterby_overby,2015,21.818181818181817
4311730_tynningo,2015,21.994884910485936
4311810_rindo_centrum,2015,97.74011299435028
4311820_rindo,2015,37.24035608308605
4311830_skarpo,2015,0.0
4440110_ljustero,2015,53.13725490196079
4440120_ingmarso_mfl_oar,2015,0.0
4440200_roslags_kulla_fd_forsaml,2015,56.8259385665529
4450110_ekbacken,2015,27.167630057803464
4450120_runo_gard,2015,53.037667071688944
4450130_akersberga,2015,100.0
4450140_kullen,2015,89.78102189781022
4450150_ostra_sora,2015,75.57575757575758
4450160_vastra_sora,2015,36.78646934460888
4450170_neptunus,2015,98.61111111111111
4450180_kungsangen,2015,27.256317689530686
4450190_tunagard_osterskar,2015,32.06197854588796
4450210_akerstorp,2015,85.25773195876289
4450220_smedby,2015,33.86871508379888
4450230_hacksta,2015,32.04104903078677
4450240_skansta,2015,62.40749876665023
4450250_singo,2015,28.830645161290324
4450260_asatra,2015,42.197340797760674
4450310_margretelund,2015,46.288798920377864
4450320_trasatra,2015,69.64864191378022
4450330_flaxenvik,2015,18.856767411300922
4450340_skargardsstad,2015,42.966194111232284
4451231_sodra_runo_sodra_runotaljo_sodra_runo_nas,2015,32.436974789915965
4451240_norra_runo,2015,3.726169844020797
4451250_svinninge,2015,39.83666061705989
4451410_rydbo,2015,82.53119429590018
4451420_svartgarn,2015,40.45881126173097
4451430_ostra_ryds_glesbygd,2015,31.521739130434785
5110110_albyslatten,2015,91.99126930826058
5110120_albyberget,2015,100.0
5110150_rotemannen,2015,100.0
5110160_alby_gard,2015,79.53044754218635
5110240_aspberget,2015,100.0
5110260_ostra_eriksberg,2015,100.0
5110270_vastra_eriksberg,2015,100.0
5110280_tre_kallor,2015,100.0
5110290_sturehov,2015,72.8395061728395
5110311_krogarvagen_vardshusvagen,2015,100.0
5110312_forvagen,2015,100.0
5110320_fittja_gard,2015,77.64705882352942
5110410_sodra_hallunda,2015,66.25655046707678
5110420_slagsta,2015,79.58115183246073
5110430_brunna,2015,100.0
5110450_sodra_norsborg,2015,100.0
5110460_tornbergsfaltet,2015,100.0
5110480_nordostra_norsborg,2015,95.96330275229357
5110490_nordvastra_norsborg,2015,72.8
5120730_tumba_centrum,2015,99.61501443695862
5120750_segersjo,2015,100.0
5120780_tumba_villastad,2015,69.1832229580574
5120790_skacklinge,2015,64.61107217939734
5120810_storvreten,2015,85.12110726643598
5120820_blockvagen,2015,100.0
5120830_grytstigen,2015,98.828125
5120840_vedstigen,2015,100.0
5120910_tumba_bruk,2015,34.08259278619969
5120920_tumba_glesbygd,2015,15.471698113207546
5120930_kommunalhuset,2015,100.0
5120940_tuna,2015,94.81236203090508
5120950_nackdala,2015,82.88973384030417
5120970_loviseberg,2015,4.430379746835443
5130810_uttran,2015,29.14032869785082
5130820_varsta,2015,86.17064294379297
5130830_grodinge_glesbygd,2015,30.506666666666664
5140110_tullinge_villastad,2015,65.79849211788897
5140620_tullingeberg,2015,100.0
5140641_tullinge_parkhem,2015,77.79874213836479
5140642_lanthem_n,2015,59.55156950672645
5140650_tullinge_centrum,2015,100.0
5140660_banslatt,2015,88.79107981220658
5140690_tullinge_glesbygd_riksten,2015,73.2386673948662
5140711_tullinge_skog,2015,89.82097186700767
5140712_lanthem_s,2015,63.05858987090367
5211120_gudo,2015,12.627474505098979
5211131_sodra_vendelso,2015,56.82870370370371
5211132_sagen,2015,100.0
5211140_norra_vendelso,2015,85.26536312849163
5211150_dalen,2015,13.389121338912133
5211210_vendelsomalm,2015,69.24202516827627
5211220_eriksberg,2015,100.0
5211230_ramsdalen,2015,74.44870565675934
5211320_brandbergens_industriomr,2015,100.0
5211330_brandbergen_flerbost_hus,2015,100.0
5211340_brandbergen_smahus,2015,85.98574821852732
5211430_kolartorp,2015,6.8181818181818175
5211440_vega_vega_soderhagen,2015,66.83127572016461
5211450_kvarntorp_kvarntorp_v_gamla_nynasvagen,2015,67.44930629669157
5211511_haninge_centrum,2015,100.0
5211512_vastra_handen,2015,100.0
5211520_norra_handen,2015,72.81993204983013
5211540_valla,2015,74.35477263416632
5211550_sodra_handen,2015,99.7289972899729
5211610_jordbro_flerbostadshus,2015,93.11298227975368
5211620_jordbro_smahus,2015,85.93376579037214
5211710_norrby,2015,86.1788617886179
5211800_norra_soderby,2015,93.50961538461539
5211920_galo_sandemar,2015,40.317460317460316
5211930_tyresta,2015,42.97520661157025
5211940_osterhaninge_kyrka,2015,31.287128712871286
5211950_arsta_havsbad_o,2015,52.348993288590606
5222100_dalaro,2015,84.69905728788977
5222500_smadalaro,2015,43.03178484107579
5233000_uto,2015,0.0
5240000_orno_forsamling,2015,31.983805668016196
5255110_aby,2015,99.8012323593719
5255121_jagartorp,2015,53.5426731078905
5255130_vasterhaninge_kyrka,2015,39.786096256684495
5255140_ribby,2015,82.1939586645469
5255150_nedersta_nodesta,2015,28.81709223553934
5255210_norra_tungelsta,2015,53.16764132553607
5255220_sodra_tungelsta,2015,50.355871886120994
5255910_vasterhaninge_glesbygd_n,2015,25.667828106852497
5255920_vasterhaninge_glesbygd_s,2015,36.58810325476992
5255930_arsta_havsbad_v_berga,2015,54.356846473029044
5260000_musko_forsamling,2015,56.32333767926988
5310420_skogsang_milsten,2015,53.72027056513201
5310810_fullersta_gard,2015,91.67919799498748
5310830_fridhem,2015,87.68877216021012
5310840_kallbrink_vistaberg,2015,69.71544715447155
5310850_vardkasen,2015,90.73634204275535
5310910_sjodalen_huddinge_c,2015,90.53105310531053
5310941_solgard,2015,59.02903811252269
5310942_sorskogen,2015,86.55400440852314
5310950_horningsns_balingsnas,2015,71.11353117342772
5311010_stuvsta_kvarnberget,2015,100.0
5311030_segersminne,2015,77.03281027104137
5311041_stensangen_hogmora,2015,72.70383499838866
5311042_kynas,2015,84.47464715107161
5311110_glado_kvarn,2015,68.94049346879537
5311120_adran,2015,43.82022471910113
5320110_trangsunds_centrum,2015,91.44970414201184
5320120_trangsunds_smahus,2015,58.55710705334766
5320310_vastra_skogas,2015,99.92911823079103
5320320_ostra_skogas,2015,73.07264640474426
5320410_lanna_drevviken,2015,44.82200647249191
5320510_trangsunds_glesbygd,2015,57.65625
5320520_vidja,2015,30.108991825613078
5330110_varby_gard,2015,67.43834927025667
5330200_masmo,2015,81.987814166032
5330331_smista_juringe,2015,86.17221873035827
5330332_jakobslund,2015,88.36565096952909
5330340_krakvik,2015,75.79001019367992
5330410_utsalje,2015,80.3581744656268
5330430_snattringe_gard,2015,84.34343434343434
5340500_glomsta,2015,73.71681415929203
5340630_kasta,2015,100.0
5340640_grantorp,2015,100.0
5340710_visattra,2015,99.04140322251682
5411010_henriksdal,2015,70.64965197215777
5411020_finnberget,2015,100.0
5411030_kvarnholmen,2015,85.3566958698373
5411040_danviken,2015,100.0
5411100_alphyddan,2015,100.0
5411110_finntorp,2015,99.13494809688581
5411130_ekudden,2015,100.0
5411140_jarla_industriomr,2015,95.43683917640512
5411200_sickla_industriomr,2015,100.0
5411210_tallbacken,2015,100.0
5411220_nysatra,2015,100.0
5411320_jarlaberg,2015,92.67863428370292
5411330_vikdalen,2015,30.708661417322837
5411340_nacka_strand,2015,99.83193277310924
5411410_nacka_centrum,2015,100.0
5411500_storangen,2015,75.53779963122311
5411600_duvnas_utskog,2015,99.43639291465378
5411610_skuru,2015,89.30846223839855
5411700_skogalund,2015,96.14914425427872
5411710_vastra_ektorp,2015,100.0
5411720_ostra_ektorp,2015,92.1406411582213
5411740_saltangen,2015,100.0
5411800_duvnas,2015,67.72151898734177
5411900_hasthagen,2015,100.0
5413001_fisksatra_sm,2015,90.23255813953487
5413002_fisksatra_fh,2015,100.0
5414001_erstavik,2015,39.62264150943396
5414100_kolarangen,2015,66.53465346534654
5414200_alta_gard,2015,78.25430383569918
5414300_stenso,2015,95.95354065192956
5414310_hedvigslund,2015,55.478896103896105
5423100_igelboda,2015,38.18962669309548
5423201_solsidan_norr,2015,35.810810810810814
5423202_saltsjobaden_centrum,2015,38.82575757575758
5423230_tattby,2015,68.64988558352402
5423300_neglingeon,2015,71.52103559870551
5423400_solsidan,2015,44.78908188585608
5423500_algo,2015,41.26696832579185
5432000_norra_bjorknas,2015,51.1
5432020_sodra_bjorknas,2015,79.84566500226963
5432030_klinten,2015,99.59473150962512
5432100_eknas,2015,57.056950831269894
5432200_vastra_kummelnas,2015,43.97553516819572
5432220_ostra_kummelnas,2015,52.291325695581016
5432300_kil,2015,71.875
5432400_krokhojden,2015,57.188160676532775
5432410_orminge,2015,85.68691320176279
5432500_mensattra,2015,94.74877219493767
5432600_kallvagen,2015,42.63744713571703
5432610_eriksvik,2015,53.441295546558706
5432700_norra_lannersta,2015,57.09969788519638
5432710_sodra_lannersta,2015,37.24340175953079
5432810_boo_gard,2015,39.34328358208955
5432900_gustavsvik,2015,35.22727272727273
5511000_vastra_trollbacken,2015,78.26821541710666
5511120_centrala_trollbacken,2015,70.80890973036342
5511130_sodergarden,2015,50.15889830508474
5511140_skalsatra,2015,24.22145328719723
5511150_norra_hanviken,2015,86.79245283018868
5511160_sodra_hanviken,2015,97.61658031088083
5512010_norra_lindalen,2015,70.37037037037037
5513010_tyreso_centrum,2015,83.78088077336197
5513020_simvagen,2015,100.0
5513110_granitvagen,2015,100.0
5513120_pluggvagen,2015,100.0
5513140_mellanbergsvagen,2015,100.0
5513150_granangsringen,2015,100.0
5513160_vastra_farmarstigen,2015,79.73568281938326
5513170_ostra_farmarstigen,2015,100.0
5513210_ostra_bollmora,2015,54.146341463414636
5513220_bondevagen,2015,48.19897084048028
5513310_norra_bollmora,2015,80.06198347107438
5513330_vastra_fardala,2015,87.48603351955308
5513410_fardala,2015,45.6656346749226
5514000_krusboda,2015,62.20823498557566
5515010_oringe,2015,41.87568157033806
5515120_strand_norr_tyreso_strand_centrum_strand_syd_gimmersta,2015,58.575197889182064
5515210_vissvass_raksta_solberga_bergholm,2015,0.0
5515220_inre_brevik_yttre_brevik,2015,54.893794252394834
5610200_mortnas,2015,22.681954137587237
5610500_gustavsbergs_glesbygd_gustavsbergs_glesbygd_v,2015,42.19242902208202
5611110_munkmora,2015,100.0
5611120_lugnet_flerbostadshus,2015,100.0
5611130_lugnet_smahus,2015,77.27272727272727
5611140_hojdhagen,2015,84.91779842744818
5611150_sodra_gustavsberg_hasthagen,2015,92.85870755750274
5611160_osby_grind,2015,90.57239057239057
5611170_osbydalen,2015,58.74822190611664
5611190_holmviksskogen,2015,100.0
5620100_brunn,2015,76.59574468085107
5620510_norra_ingaro_sodra_farstalandet,2015,44.59114139693356
5620520_sydvastra_ingaro,2015,29.440221147201107
5620530_langvik_klacknaset_skalsmara,2015,42.42290748898678
5630110_hemmesta,2015,42.23504721930745
5630120_fruvik,2015,72.70861833105336
5630130_hemmestahojden,2015,30.44077134986226
5630200_angsvik,2015,66.51685393258427
5630300_skepsdalsstrom,2015,26.86375321336761
5630400_kopparmora,2015,6.656101426307448
5630510_norra_varmdo_torsby_evlinge_saltaro_skarmaro,2015,45.27845036319613
5630520_sodra_varmdolandet_stromma_bullando_alvsala_fagerdala_fagelbrolandet,2015,32.31939163498099
5630600_varmdo_norra_skargard,2015,0.0
5640100_djurhamn,2015,89.79370249728555
5640200_stavsnas,2015,61.704834605597966
5640510_stavsnas_glesbygd,2015,33.66834170854271
5640520_djuro_glesbygd,2015,35.81943081452405
5640600_djuro_skargard,2015,0.0
5650000_moja_forsamling,2015,18.050541516245488
5660000_namdo_forsamling,2015,0.0
5711010_soderby_garde,2015,100.0
5711020_soderby_park,2015,86.18421052631578
5711110_skyttorp,2015,89.97514498757249
5711120_skogsang,2015,57.650862068965516
5711130_soderby,2015,33.76225490196079
5711200_salems_centrum,2015,82.27802037845706
5712110_norra_ronninge,2015,78.06354009077155
5712210_uttringe,2015,77.98092209856917
5712220_ostra_ronninge,2015,58.037974683544306
5712300_ronninge_centrum,2015,100.0
5713000_salems_glesbygd,2015,13.397129186602871
6110310_norrtalje_centrum,2015,98.67947178871549
6110320_fagelsangen,2015,79.28937259923175
6110330_vastra_rodenstaden,2015,97.2809667673716
6110340_ostra_rodenstaden,2015,99.25373134328358
6110350_norgegardet,2015,89.40066592674806
6110360_roslagsstaden,2015,100.0
6110410_grossgardet,2015,98.67482161060143
6110430_sodra_bergen,2015,97.04797047970479
6110440_vastra_kvisthamra,2015,100.0
6110450_kvisthamra,2015,76.93156732891833
6121000_malsta_forsamling,2015,35.010940919037196
6122000_loharads_forsamling,2015,41.26794258373206
6123100_svanberga,2015,62.98850574712643
6123210_farsna,2015,82.70571827057182
6123220_sodra_estuna,2015,19.495412844036696
6123500_estuna_glesbygd,2015,18.73156342182891
6125000_roslags_bro,2015,25.456355791569862
6126500_vato_fastland,2015,48.20809248554913
6126600_vato,2015,23.06482064191315
6131100_sodersvik,2015,65.29411764705883
6131501_radmansolandet,2015,21.452291343812266
6131502_graddo,2015,60.28708133971292
6132120_osthamra,2015,85.58823529411764
6132200_frotuna,2015,91.02167182662538
6132501_frotuna_o_glesbygd,2015,10.169119262025038
6132502_spillersboda,2015,43.392857142857146
6133100_furusund,2015,42.857142857142854
6133200_kopmanholm,2015,77.39130434782608
6133600_yxlan,2015,35.56430446194226
6133700_blido,2015,27.08282133202261
6134100_bergshamra,2015,92.82511210762333
6134510_lanna_fastland,2015,24.09152086137281
6134520_svartno,2015,35.98615916955018
6135000_riala_forsamling,2015,25.600468658465143
6141110_sodra_rimbo,2015,91.19623655913979
6141120_hasta,2015,25.492468134414832
6141130_vastertorp,2015,49.17724494593324
6141500_rimbo_glesbygd,2015,50.86505190311419
6142100_ranas,2015,98.00613496932516
6142500_fasterna_glesbygd,2015,38.62144420131291
6143100_edsbro,2015,59.60144927536232
6143500_edsbro_glesbygd,2015,12.162876784769963
6144000_skederids_forsamling,2015,47.29596853490659
6145000_husby_sjuhundra,2015,55.52208835341366
6146000_ro_forsamling,2015,46.10552763819096
6147000_nartuna_forsamling,2015,21.532364597093792
6148000_gottrora_forsamling,2015,34.55598455598455
6151100_ostra_hallstavik,2015,65.67717996289424
6151200_herrang,2015,61.23076923076923
6151500_havero_glesbygd,2015,18.961105424769702
6152100_vastra_hallstavik,2015,33.69565217391305
6152500_edebo_glesbygd,2015,16.528066528066528
6154100_skebobruk,2015,53.798767967145785
6154500_ununge_glesbygd,2015,26.73611111111111
6161000_singo_forsamling,2015,18.251928020565554
6162100_almsta,2015,95.29411764705881
6162200_grisslehamn,2015,49.629629629629626
6162510_vaddo_fastland,2015,54.863013698630134
6162520_vaddo,2015,25.760075418336083
6163500_bjorko,2015,28.52173913043478
6164100_soderby_karl,2015,80.96774193548387
6164500_soderby_karls_glesbygd,2015,22.085445329471398
6210240_nicksta,2015,98.56801909307876
6210270_kallsmo,2015,95.98214285714286
6210350_vastra_nynashamn_c,2015,97.93169793169794
6210360_ostra_nynashamn_c,2015,100.0
6210410_nynashamn_sv_esto,2015,78.94736842105263
6210440_sandhamn_mm,2015,81.57644824311491
6210490_trehorningen_mm,2015,66.94825765575501
6210520_vaktberget,2015,93.2935916542474
6210570_rappsta_hacktorp,2015,61.47783251231527
6210640_hamnvik,2015,79.20353982300885
6220100_sorunda,2015,53.32290852228303
6220200_stora_vika,2015,56.68449197860963
6220300_grodby,2015,89.92248062015504
6220510_liso,2015,9.120521172638437
6220520_sorunda_vastra_glesbygd,2015,22.962014511310286
6220530_sorunda_ostra_glesbygd,2015,42.49536751080914
6230000_toro_forsamling,2015,24.137931034482758
6240100_osmo,2015,86.20511495737534
6240510_jarflotta,2015,53.25779036827195
6240530_osmo_ostra_glesbygd,2015,14.252336448598129
6240540_osmo_vastra_glesbygd,2015,24.39281942977825
6240550_osmo_norra_glesbygd,2015,28.167482327351824
6310110_ostra_centrum,2015,100.0
6310120_vastra_centrum,2015,62.02783300198808
6310130_kvarnberga,2015,99.96324880558618
6310170_vardsholmen,2015,100.0
6310320_blombacka,2015,55.894858909934285
6310330_mariekalla,2015,100.0
6310340_saltskog,2015,80.39693593314763
6310351_sodra_vastergard,2015,100.0
6310352_norra_vastergard,2015,83.66805608184919
6310353_vastra_vastergard,2015,59.34379457917262
6310360_barstafaltet,2015,99.81447124304268
6310370_barstabergen,2015,100.0
6310422_stationsomradet_sodra,2015,99.62732919254658
6320510_vastra_grusasen,2015,98.49874895746456
6320520_ostra_grusasen,2015,98.42080817464004
6320541_sodra_brunnsang,2015,83.03938859494416
6320542_norra_brunnsang,2015,45.915703095859755
6320550_ragnhildsborg,2015,45.593419506462986
6320611_kusens_backe,2015,100.0
6320612_sjukhuset,2015,100.0
6320621_ostra_rosenlund,2015,94.35736677115987
6320622_rosenborg,2015,100.0
6320940_viksberg,2015,60.24981631153563
6321710_igelsta,2015,100.0
6321720_ostertalje,2015,62.03059805285118
6321740_fornhojden,2015,88.1820467689213
6330210_karlhov,2015,100.0
6330220_sodra_ronna,2015,97.86924939467312
6330230_norra_ronna,2015,100.0
6330240_vastra_ronna,2015,81.42857142857143
6330250_lina_hage,2015,84.35784851811196
6330260_lina,2015,38.73517786561265
6330380_norra_geneta,2015,99.86800422386483
6330391_vastra_geneta,2015,91.005291005291
6330392_ostra_geneta,2015,89.16741271262309
6341410_pershagen,2015,76.73702726473175
6341430_tveta_glesbygd,2015,17.718446601941746
6341451_hovsjo,2015,90.02662297767766
6351200_enhorna_glesbygd,2015,19.797887000459347
6351210_ekeby,2015,48.38383838383839
6381100_molnbo,2015,70.21677662582469
6381500_vardinge_glesbygd,2015,5.13595166163142
6382100_jarna,2015,60.75471698113207
6382500_overjarna_glesbygd,2015,19.72534332084894
6383000_ytterjarna_forsamling,2015,23.41717259323504
6391100_holo,2015,77.82026768642447
6391500_holo_glesbygd,2015,19.9438202247191
6392000_morko_forsamling,2015,22.63056092843327
6410100_nykvarn,2015,63.70002918004085
6410500_turinge_glesbygd,2015,19.625137816979052
6420000_taxinge_forsamling,2015,33.78378378378378
